gps_x (m),gps_y (m),gps_z (m),gps_vx (m/s),gps_vy (m/s),gps_vz (m/s)
6378136.289565,-10.174099,-13.635250,-0.015505,0.029884,0.043790
6378131.589293,-3.212713,8.732285,0.116312,0.154666,-1.003051
6378137.002616,7.762373,-5.004598,-0.018644,0.173077,-1.833520
6378143.801075,5.518130,2.065482,0.060988,0.126868,-1.908480
6378143.972108,10.261812,-8.552133,-0.026265,0.157950,-1.915965
6378135.910751,-10.915848,4.568274,0.002314,0.296140,-1.990942
6378144.486293,-1.470185,-16.329104,-0.010136,0.102643,-1.913626
6378138.871310,-4.092422,-24.505899,-0.086696,0.302507,-1.991099
6378128.446158,0.539227,-18.962371,-0.082766,0.233539,-1.983822
6378133.836670,-0.933448,-13.749008,-0.027731,0.301981,-1.880120
6378136.124446,7.402622,-18.485573,0.118008,0.244310,-1.960960
6378127.307763,4.295053,-36.274836,-0.032197,0.277065,-1.978301
6378135.203576,2.910615,-27.611547,-0.049657,0.183832,-1.921729
6378134.009346,-0.738395,-34.470176,-0.059314,0.202115,-1.961584
6378132.154871,0.624810,-26.564263,-0.097015,0.275868,-1.931189
6378137.266983,-2.347506,-33.694553,-0.130393,0.374176,-1.855796
6378135.289838,4.326735,-34.507258,-0.379677,0.673200,-1.747425
6378142.928289,-6.050581,-38.840839,-0.598308,0.853528,-1.405865
6378139.158485,-3.238239,-39.998120,-0.896161,0.939289,-1.154180
6378132.421421,-2.579194,-40.458182,-1.071148,1.118382,-1.007662
6378127.877063,7.137542,-29.525327,-1.195397,1.127479,-0.763792
6378126.075963,10.216857,-43.864501,-1.285204,1.224065,-0.721277
6378132.956000,10.767017,-34.173972,-1.340055,1.235791,-0.641506
6378128.401846,0.180361,-23.428989,-1.354865,1.284301,-0.738669
6378131.522949,11.181711,-39.290966,-1.352745,1.405314,-0.848521
6378131.935660,12.098827,-47.322399,-2.008817,1.364224,-1.509293
6378129.254033,9.908629,-38.771228,-2.778599,1.008787,-1.786793
6378112.583518,13.749231,-41.978540,-2.786709,0.900855,-1.717925
6378120.999966,16.350311,-35.320748,-2.778879,0.791703,-1.796381
6378113.826978,11.074456,-40.094208,-2.725033,0.728195,-1.813183
6378110.898429,25.197886,-57.853089,-2.801613,0.775605,-1.861557
6378106.975627,16.292058,-52.985928,-2.703814,0.741567,-1.735246
6378110.966594,20.497912,-55.875919,-2.780955,0.707241,-1.881938
6378104.577130,25.045624,-54.626496,-2.698745,0.698048,-1.803193
6378097.971840,23.580677,-59.874711,-2.828828,0.781785,-1.912725
6378097.187038,27.407794,-44.722333,-2.696024,0.766503,-1.872677
6378104.427262,26.273662,-56.498702,-2.791811,0.687578,-1.883640
6378090.822093,26.767796,-60.890586,-2.716393,0.733540,-1.973137
6378093.855393,25.768926,-66.113787,-2.655242,0.709007,-1.924002
6378094.603448,23.931053,-68.965054,-2.714473,0.849527,-1.820110
6378079.844036,25.853696,-64.187152,-2.834118,0.667159,-1.957034
6378082.547723,34.208609,-71.055770,-2.520978,0.714473,-2.282944
6378079.662474,31.699705,-76.029126,-2.054984,0.499562,-2.896521
6378084.375677,27.016377,-74.588281,-1.508057,0.285854,-3.243672
6378079.749573,29.560558,-70.195625,-0.869216,-0.047851,-3.667312
6378073.882225,25.008960,-73.335203,0.026771,-0.297828,-3.855138
6378075.199283,25.379205,-87.148133,0.850328,-0.580688,-3.723045
6378073.137269,16.444391,-81.778192,1.770094,-0.872151,-3.394264
6378073.602264,30.092209,-100.044997,2.736524,-0.938394,-2.925567
6378080.885194,20.002614,-78.723470,3.415890,-1.024590,-2.140813
6378087.513982,27.797083,-104.930716,3.999460,-0.807619,-1.223497
6378091.307540,23.937646,-92.362480,3.884442,-0.706174,-2.050216
6378095.877037,24.200439,-91.516047,4.054606,-0.974438,-3.072670
6378109.647637,21.119021,-96.923000,4.061733,-1.089135,-3.488910
6378107.747862,25.587125,-94.328979,3.966609,-1.051984,-3.466819
6378112.748366,18.031384,-106.099414,4.049600,-0.985943,-3.538912
6378112.718030,10.967339,-110.729356,3.921475,-1.023796,-3.490091
6378115.096705,18.716678,-119.023811,4.084573,-1.077255,-3.476102
6378110.435086,18.606829,-124.589398,4.065129,-1.091341,-3.513841
6378129.431426,6.416886,-113.330562,4.095367,-0.991829,-3.524228
6378126.771702,15.392514,-136.006983,4.036527,-0.925762,-3.514422
6378132.938270,9.336108,-133.381817,3.904894,-0.959566,-3.582715
6378138.346048,18.147692,-130.757349,3.907168,-0.930322,-3.493072
6378140.714775,12.682703,-144.728387,4.002406,-0.943016,-3.540708
6378140.699871,15.678674,-134.080033,4.886316,-0.309776,-2.795589
6378152.437433,-1.465372,-144.248860,5.457305,0.925724,-1.599021
6378150.313136,8.737175,-143.625646,5.371678,2.329222,-0.141526
6378175.243227,11.946929,-140.811971,4.586285,3.730219,1.150962
6378160.064675,13.422725,-153.793390,3.150048,4.677773,2.280469
6378169.753442,24.924113,-134.965091,1.207686,5.175929,3.283246
6378172.877678,30.982089,-135.232892,-1.022751,5.130910,3.845232
6378168.992080,39.861420,-119.299412,-3.151601,4.163261,4.057109
6378154.221071,36.514911,-111.801952,-5.011337,2.742601,3.755605
6378137.807634,45.894904,-124.487333,-6.159463,0.760473,3.048112
6378156.509371,45.173104,-114.656535,-7.179780,0.012256,2.830029
6378131.370675,39.415187,-112.217497,-7.868421,0.351173,2.844002
6378136.565344,52.534880,-121.287745,-7.970391,0.001627,2.675682
6378129.580153,47.250399,-115.215872,-8.031569,-0.171715,2.609476
6378113.310766,36.644184,-93.464091,-8.009972,-0.436848,2.394424
6378100.006532,41.146697,-122.588461,-8.097707,-0.490148,2.463633
6378103.550888,43.257649,-114.931945,-7.949550,-0.554844,2.378769
6378093.640331,48.289444,-103.410407,-7.986756,-0.432093,2.368532
6378081.944400,33.701328,-108.128731,-8.026248,-0.417184,2.395931
6378075.130558,43.333397,-96.361825,-7.945458,-0.519101,2.404804
6378065.620965,48.251005,-104.690808,-8.030282,-0.559962,2.409493
6378069.757079,40.767239,-88.805381,-8.025852,-0.385923,2.224634
6378045.242098,37.849963,-77.107111,-7.985975,-0.522847,2.295801
6378051.838439,39.708474,-85.752710,-8.042254,-0.505612,2.394075
6378042.284394,40.729224,-92.668421,-8.044092,-0.539729,2.407024
6378025.683167,32.092782,-75.062098,-8.296499,-1.247830,1.633745
6378013.830397,39.408422,-84.222704,-8.338693,-1.964613,0.964874
6378022.257742,33.939313,-80.546862,-8.381014,-2.565445,-0.099069
6378001.504527,29.757121,-76.404056,-8.302605,-3.144603,-1.081297
6377992.217984,15.279571,-83.642046,-8.120234,-3.342620,-2.145869
6377974.138311,24.010939,-90.453218,-7.774846,-3.583366,-3.293644
6377986.993061,20.535267,-110.261273,-7.279925,-3.614217,-4.359378
6377967.069301,10.072224,-101.382902,-6.974853,-3.416157,-5.342887
6377963.893114,7.791861,-110.452502,-6.394512,-3.016422,-6.269306
6377960.198214,6.895160,-104.092612,-5.922599,-2.676974,-7.287960
6377950.661237,10.385785,-106.153961,-6.502812,-1.672714,-7.871416
6377944.165636,5.948540,-128.727105,-6.940235,-1.088993,-8.201101
6377943.157862,-5.609423,-130.689749,-7.031849,-0.779339,-8.331847
6377926.241397,7.498997,-139.915619,-6.992338,-0.655946,-8.325882
6377922.474371,3.945277,-143.249651,-6.829894,-0.558457,-8.420590
6377915.833348,6.912053,-162.235665,-6.787901,-0.485232,-8.523580
6377912.460366,-2.275115,-164.699558,-6.828118,-0.533945,-8.464622
6377894.575094,2.826540,-168.575122,-6.812968,-0.512042,-8.465208
6377905.924902,6.657944,-191.517870,-6.734864,-0.464736,-8.480985
6377894.492398,-4.815706,-190.866241,-6.752543,-0.410272,-8.575255
6377889.647619,-4.397146,-201.957724,-6.779207,-0.506595,-8.569768
6377872.938537,-0.696634,-209.292069,-6.669226,-0.443577,-8.574694
6377871.431215,5.626976,-211.669431,-6.760493,-0.561482,-8.536635
6377863.568879,-3.389861,-221.224622,-6.805651,-0.494159,-8.500561
6377853.600301,-2.338882,-234.606800,-6.055535,-0.371323,-9.048872
6377854.753456,3.064055,-254.104963,-4.315140,0.108723,-10.093235
6377853.046178,-3.854678,-258.963029,-2.493709,0.656279,-10.743722
6377843.349301,-1.936816,-275.493850,-0.802767,1.483727,-11.021512
6377843.789792,3.083658,-285.858083,0.945010,2.304308,-10.926211
6377845.335103,-0.744792,-280.876679,2.601647,3.120271,-10.528750
6377851.866863,-1.645222,-283.278067,3.867265,3.829639,-9.974054
6377858.424596,10.239940,-315.991623,5.118255,4.343022,-9.175114
6377865.708979,13.093660,-302.939450,6.137847,4.803837,-8.620813
6377871.536370,13.817324,-316.607584,7.032174,4.862081,-7.904154
