-2.971052384063409590e+02,4.147778759061748133e+01,1.505344257801503545e+03,2.205932710328515896e+02,2.618041785109098782e+02,1.494224752501667808e+03,3.270909263240814653e+02,9.201028876183681859e+01,1.495276827352369310e+03,9.471174061125839216e+01,1.677107722534960885e+02,1.502927628456264301e+03,1.370141737595677114e+02,1.724059523362288928e+02,1.500269794714040472e+03,-1.801360293713059946e+02,1.736305099495357354e+02,1.502929367298520447e+03,-1.373063038582040463e+01,7.517183912294058246e+00,1.495588652318328514e+03,-1.903181532736352892e+02,1.152460650829857514e+02,1.498151044104017501e+03,-1.598090533610275088e+01,-9.258844146527417251e+01,1.487784520882424204e+03,1.415220487238275382e+01,5.981287782336921737e+02,1.491691401314078576e+03,1.839489268859961157e+02,-2.829746006426839813e+02,1.502706660237727419e+03,-1.525818362325535418e+02,3.589629961507239386e+02,1.491976299793988346e+03,-3.053301419855961285e+01,3.589412315141776162e+02,1.499215869643454198e+03,-4.148599692057609900e+02,5.683241105972915648e+02,1.496738622593305536e+03
-2.253082191836811035e+02,1.076335637112292716e+02,1.504304867544466333e+03,3.360186375497196423e+02,4.752938482763147476e+01,1.494140032322511388e+03,1.724833249056541717e+02,7.002443732301162527e+01,1.495204348996400313e+03,1.183845497208480992e+02,1.245831192478513003e+02,1.501316142044378921e+03,1.749375116485739454e+02,1.189372496752403094e+02,1.498956685396723060e+03,-1.330821241501553232e+02,1.290434422392900160e+02,1.501110247328691457e+03,-1.192016262358265521e+00,-8.960906276199875720e+01,1.494586396513781438e+03,-9.482117907204474250e+01,9.658021158354813451e+01,1.495834600443876980e+03,4.656730025104479864e+01,-1.074828033739681814e+02,1.489544664500818953e+03,2.046694423577082489e+01,3.185026467064503777e+02,1.495076112358807450e+03,1.659234631300332694e+02,-3.366964384569732829e+02,1.502509697646316454e+03,-2.360029490309034372e+01,2.064468082168550609e+02,1.491226843567308606e+03,-3.760366077188336931e+01,1.600630400496115726e+02,1.499621028677152481e+03,-4.568712791187213043e+02,3.962561103420566724e+02,1.494192093004736307e+03
-1.206154310555989468e+02,-4.704711390219881650e+01,1.497624977594208531e+03,4.975570557245800956e+02,9.093440570555230806e+01,1.493579816460651955e+03,3.013788862346941642e+02,9.616158052936407330e+01,1.493623601725703111e+03,1.630292850941509641e+02,7.836223188059148015e+01,1.498974776165149251e+03,2.014086964403868478e+02,6.642949605936200896e+01,1.497512986733987645e+03,-8.486123064069533939e+01,8.341067148812271626e+01,1.499272046636829373e+03,1.821191825133882958e+01,-1.648418611261758997e+02,1.493545532348283814e+03,-8.601612105684034759e+01,-3.887578239578624562e+01,1.495453379755080505e+03,1.613672896361285893e+02,-3.083592421876137450e+02,1.493429129991404125e+03,3.489543884663089557e+01,8.559874627129056535e+01,1.492213408082259093e+03,1.455008281636191896e+02,-2.803894846459929795e+02,1.502771568280388465e+03,1.713702771419407327e+02,3.270565832452848554e+01,1.491137015404062367e+03,-3.241008784570703938e+01,-1.463110799472929102e+02,1.500273278965313693e+03,-4.834988158125661357e+02,6.938672872005918180e+01,1.494763971158098229e+03
-1.365899580564760072e+02,-8.687131649473531070e+01,1.496580136129225593e+03,3.062119428916635115e+02,1.271763610802281619e+02,1.496945862362393200e+03,3.252432365902272977e+02,2.042099424110665495e+01,1.492102775640380514e+03,1.863487397865860657e+02,2.492618554089403915e+01,1.496820614427750343e+03,2.342068241248889535e+02,-1.720847232784171865e+01,1.495907013163820693e+03,-3.546994362478335461e+01,3.670698682607462615e+01,1.497415517094868619e+03,4.778443506095345583e+01,-2.199004828989850466e+02,1.492467200774351568e+03,1.961658325044159028e+02,-2.177235247645885465e+02,1.496315395192679034e+03,2.356495701375101817e+02,-3.625950300178228645e+02,1.498803024129103505e+03,6.600153229654551978e+01,-1.690348300640612251e+02,1.494913850427612260e+03,1.002370227895989956e+02,-1.758825122200491933e+02,1.502140379199572180e+03,3.527039639251956942e+02,-9.827070207251335887e+01,1.489198068705237347e+03,2.471965106797279077e+01,-5.165869947470578154e+02,1.499631950301777579e+03,-3.554475372626802709e+02,-1.722337090121859546e+02,1.494958236893903404e+03
-1.226945919857780609e+02,-1.489551362481788601e+02,1.491956432946498808e+03,3.327474683925211139e+02,2.296926022182165070e+02,1.492615995689245437e+03,2.006995999248706539e+02,-4.186318129394658172e+01,1.488236512833309462e+03,1.925512213711817822e+02,-2.061347839177597052e+01,1.494939329245514955e+03,2.556918122592351210e+02,-9.162054847950230396e+01,1.494143217200615481e+03,1.509494180877436520e+01,-1.109254858561916990e+01,1.495541463153200766e+03,9.127828486704765965e+01,-2.578006413837138098e+02,1.491352873988779947e+03,2.398308106987319661e+02,-3.404820132989566446e+02,1.493824492127325357e+03,2.535230288647512680e+02,-3.403536787361408642e+02,1.497928680562688669e+03,4.419952891003094919e+01,-1.980613932303026559e+02,1.493206665215374187e+03,8.767219753495510304e+01,-8.263293274511761410e+01,1.499951053070922853e+03,3.274108664092514118e+02,-1.140059348945169404e+02,1.489368302981748229e+03,1.762413020312569643e+02,-6.586531567341371556e+02,1.497220379820394101e+03,-1.322585394168345374e+02,-5.019077164774066659e+02,1.492562891922274503e+03
-4.070365762711799107e+01,2.053959437703679214e+01,1.487074226038310599e+03,3.987534235749963045e+02,1.404778126346054705e+02,1.493824936358275636e+03,4.450073849499763128e+02,4.556298604746143610e+01,1.489482754739553684e+03,2.183766829428195706e+02,-9.670787333200951252e+01,1.493477575215049455e+03,2.672754865185920607e+02,-1.662892609517716664e+02,1.492885635707246593e+03,6.683342565997782003e+01,-6.001314561691742711e+01,1.493650699777908812e+03,1.513259016011284075e+02,-2.822061336603205746e+02,1.490204339659105699e+03,2.161671638892921692e+02,-2.782139717018239935e+02,1.494051357795649437e+03,2.949079413920071602e+02,-1.581880466877405524e+02,1.501245430317547971e+03,6.562477535820607955e+01,-5.539491415992401926e+02,1.490334534173129441e+03,7.033599007865313979e+01,-1.601177256617261264e+02,1.497258981234328303e+03,1.969669467173021076e+02,-1.549619851998372724e+02,1.489391998095371491e+03,2.644628219589467335e+02,-8.087161733081379680e+02,1.493847702225886678e+03,6.495003977004489570e+01,-7.416367574902860724e+02,1.492280371406706081e+03
-1.606909771972641465e+01,-1.491142509276660348e+02,1.484624699280232107e+03,3.901827736927120895e+02,1.739345158756236742e+02,1.494187092554849642e+03,3.680498755100593371e+02,-2.244959408470699600e+02,1.492317424985417802e+03,2.409925719123039016e+02,-1.532031264281790754e+02,1.492159155487302542e+03,2.969554855771475559e+02,-2.373411422650515306e+02,1.491310854856956212e+03,1.197441057801797797e+02,-1.100783709506081323e+02,1.491744078739995757e+03,2.266871849382855544e+02,-2.969164022503941851e+02,1.489023648345150377e+03,3.134178308787841161e+02,-2.420210823903034907e+02,1.490792616078046422e+03,3.397519632142475530e+02,-1.559100213757333222e+02,1.496115882990660566e+03,1.684185953905698625e+02,-4.759773741682110995e+02,1.487218062888836585e+03,6.764076187562432096e+01,-3.199181777021872222e+02,1.492308024547362493e+03,1.556897828637534076e+02,-7.287765406721428008e+01,1.487499001372646717e+03,3.905854191307589645e+02,-8.347666007267007444e+02,1.488019179244825182e+03,2.352271430072582916e+02,-8.340203593489632112e+02,1.492594903104649802e+03
2.294974644634748984e+00,-3.933680154059220513e+01,1.483750123340285199e+03,4.089424971612843365e+02,8.419593742569668393e+01,1.490834238269364050e+03,4.149729149800832602e+02,-2.911165551606809458e+02,1.490809397329214562e+03,2.783290656039207533e+02,-2.139229579389839273e+02,1.490625786569572256e+03,3.254033446241701313e+02,-2.870113076121774611e+02,1.488968277408981294e+03,1.738229760303884177e+02,-1.613131614254552915e+02,1.489822514904612717e+03,3.103031176680319732e+02,-3.055281065910671714e+02,1.487813081951946742e+03,2.278235611916820744e+02,-1.972437345707976419e+02,1.492968046666377859e+03,3.307389275797413575e+02,-2.587325389440638901e+02,1.490425544931701779e+03,2.574464078650712509e+02,-5.739338539116301945e+02,1.485020890729698522e+03,8.779628418544325541e+01,-3.910477221132782688e+02,1.491444550499812522e+03,1.141483720102191910e+02,2.149985402263655487e+01,1.486799009467775250e+03,4.704733593906985334e+02,-8.582351741002348717e+02,1.482135499638511192e+03,3.725064698102246439e+02,-9.099667242751947924e+02,1.489781736987121349e+03
8.745034944020062539e+01,-2.826433468373138567e+02,1.484217406742771800e+03,5.789658082903674767e+02,-7.060891006095516786e+01,1.489682385648221043e+03,2.667092674313253156e+02,-1.791093723169183249e+02,1.488498521071692494e+03,3.197198668887372150e+02,-2.738484834348173536e+02,1.488922129408499586e+03,3.308396205169065070e+02,-2.881256299020269580e+02,1.486444090374898906e+03,2.290642275090658586e+02,-2.137408096930525971e+02,1.487886902105528179e+03,3.914274322518326699e+02,-3.112578248517152133e+02,1.486575048572823562e+03,2.833024884160718102e+02,4.994420761962419419e+01,1.491249643769413069e+03,3.717473607002211793e+02,-4.035866773686389024e+02,1.485917124214058958e+03,3.073876798145856810e+02,-6.893404233282603855e+02,1.482725126278697644e+03,1.041207676878757411e+02,-4.673528192064859468e+02,1.486417532643826235e+03,9.715741208726240075e+01,6.486396671612783393e+01,1.485622713067433779e+03,5.495390641525150386e+02,-7.919060412935773456e+02,1.481021156162524903e+03,4.473563366677976774e+02,-8.253539982738325307e+02,1.489919059295275702e+03
2.129607498413342910e+02,-1.765186031257576360e+02,1.486613673239675336e+03,5.630065457961413813e+02,-7.921664501614850451e+01,1.488316406255220272e+03,4.099125407474084568e+02,-2.946936562321479869e+02,1.488093540057282098e+03,3.478396249675088256e+02,-3.256839008773822570e+02,1.486680476888759586e+03,3.363730985132460773e+02,-2.908973159850620505e+02,1.484210899130389180e+03,2.854590467104299023e+02,-2.673846084049919227e+02,1.485938218302041605e+03,4.613954509712889376e+02,-3.168642290745187893e+02,1.485311998363875546e+03,2.482936180148390122e+02,6.844322840448012357e+01,1.489427320824144317e+03,4.504524736146076975e+02,-1.714798627302020577e+02,1.482702389371272375e+03,2.659992730152221156e+02,-8.509747180649305847e+02,1.482977558036212486e+03,1.774565855126188580e+02,-5.358041651500439002e+02,1.487556205657450619e+03,1.280109036849894437e+02,5.633823304795851072e+01,1.482666079803497723e+03,7.066099140207620621e+02,-7.093194101205053812e+02,1.482305273708562254e+03,5.108915809421096128e+02,-6.851156314322533945e+02,1.486775616270857881e+03
3.660067216932488918e+02,-2.859445502460507669e+02,1.484957010495156283e+03,6.084977347215096870e+02,-3.578506112159689110e+02,1.488098910143848798e+03,3.904848238526965361e+02,-3.370672583516411578e+02,1.486160223608731712e+03,3.679824126556909505e+02,-3.850636565329705263e+02,1.484582367400526891e+03,3.319609268495282777e+02,-3.168724042240837662e+02,1.482943674613180747e+03,3.429970176731017091e+02,-3.222670281192808943e+02,1.483977430937761255e+03,5.175713346767515759e+02,-3.246376719890436107e+02,1.484026297355666202e+03,2.781653012943575050e+02,-7.714952445976450690e+01,1.487768487257647848e+03,4.901694237342330780e+02,-2.370394013467557670e+01,1.482019755077136324e+03,3.881286298544728197e+02,-7.847572795374903762e+02,1.483880736816369335e+03,3.156233399419011221e+02,-5.556392618715904064e+02,1.486345436665501666e+03,1.505632125835727493e+02,-1.916181172459500885e+02,1.481844236493624749e+03,8.166261512928792854e+02,-4.419094259581038386e+02,1.482731727588766717e+03,6.440286760144269920e+02,-4.679516062411639723e+02,1.487990938710792989e+03
5.527021922911740148e+02,-2.411123800711088734e+02,1.487925646934926135e+03,6.082666486232164971e+02,-4.456313535379899804e+02,1.487084884094763993e+03,4.059814576948383547e+02,-3.280879584490844536e+02,1.482040845503604487e+03,3.825802523746988300e+02,-4.229072576164112434e+02,1.482583172590695767e+03,3.396452913238554174e+02,-3.429692334782498619e+02,1.481702137839877196e+03,4.016637182967115223e+02,-3.784102653627319341e+02,1.482005539003369677e+03,5.625162080256732224e+02,-3.364152587279786530e+02,1.482720122296314230e+03,3.280319859139008258e+02,-1.896583387693613076e+02,1.480308807165856479e+03,6.071122148485494563e+02,1.880427000844456416e+02,1.479796909374849747e+03,3.608001416581887497e+02,-6.763916279506188403e+02,1.481882888232609503e+03,3.787058623323655411e+02,-5.527236828470931869e+02,1.486807487677786185e+03,2.523360732224637104e+02,-3.362031231594319252e+02,1.479743003338087192e+03,8.689292248523804574e+02,-2.076400805497696638e+02,1.482315593656227293e+03,7.901835879948064303e+02,-2.376027515009686795e+02,1.485709153418051073e+03
6.919502681253402443e+02,-3.508987172025426844e+02,1.482468887568093123e+03,5.376747249722075139e+02,-3.835470026880566365e+02,1.482246933046939148e+03,5.006681827918755516e+02,-5.919643231594013741e+02,1.482768824647467000e+03,4.020506179537437674e+02,-4.508233157024205866e+02,1.480438561407288034e+03,3.752259882525222565e+02,-3.840785818535046019e+02,1.480238047074722317e+03,4.614441255600395380e+02,-4.358351465061800809e+02,1.480023562520931819e+03,6.009671300688987685e+02,-3.536093460714364483e+02,1.481395266111201636e+03,3.194849264990984921e+02,-4.668263385976256359e+02,1.478938599381146560e+03,6.846502197355846420e+02,1.376941591656859600e+02,1.484485846764713642e+03,3.047918162268970264e+02,-5.509291602983366829e+02,1.478273916603395492e+03,4.225666815228696578e+02,-4.983703830094664227e+02,1.484762687509387433e+03,4.006452645625295190e+02,-5.852984299927343272e+02,1.478088595235338289e+03,8.888527175071285455e+02,-7.590377218300864115e+01,1.482822092349688546e+03,8.838636784816496856e+02,-8.813971230336164808e+01,1.485618549605024782e+03
7.850283725175645486e+02,-3.761137212693820402e+02,1.477061680211453677e+03,6.046569397905377627e+02,-4.382830436182239282e+02,1.480055963232533259e+03,5.194598999352042483e+02,-4.822642417064080291e+02,1.483057470409806683e+03,4.356115499135476057e+02,-5.077481659273285004e+02,1.479120121183504580e+03,4.266017030587477166e+02,-4.409058283037452384e+02,1.478363507337699502e+03,5.223194106098239899e+02,-4.945611277644861730e+02,1.478032558317432631e+03,6.376403279345163355e+02,-3.772354936288661520e+02,1.480052995941141717e+03,5.468461537588291321e+02,-2.819899007620529119e+02,1.476656179995879029e+03,7.258596424458073670e+02,2.946457672592323433e+02,1.486963369395668224e+03,4.588186744151385028e+02,-4.089968771747812752e+02,1.476374971929971252e+03,5.184013097213496621e+02,-5.533190343445980943e+02,1.482215424099273150e+03,6.077148390764280066e+02,-5.981398634633460460e+02,1.479503344520102701e+03,8.822478801293677861e+02,-3.287752540412475355e+01,1.481063572613288670e+03,9.621248096322217407e+02,-5.404903014398496452e+01,1.484040001216965948e+03
8.391899871666266790e+02,-3.967837061988420828e+02,1.475154646739102645e+03,5.729642073098129913e+02,-5.440409647996693820e+02,1.479662161493654821e+03,5.437119087471105559e+02,-6.674440607752635515e+02,1.479902800798877934e+03,4.814961164503733926e+02,-5.319650491702223007e+02,1.477754554259566476e+03,4.698316104469927268e+02,-5.247055495240574601e+02,1.475884574315904047e+03,5.842675396816111970e+02,-5.546084874460952960e+02,1.476033572704166090e+03,6.764263635044053444e+02,-4.079401409897677695e+02,1.478693821797167175e+03,7.134565432430886176e+02,-4.836079186463784936e+02,1.474357040312483605e+03,9.138169698576034534e+02,1.353541233142050260e+02,1.488134901715819524e+03,5.886758163662475454e+02,-1.586587232804185987e+02,1.477733273050547496e+03,6.933532047903333932e+02,-5.179260002819146393e+02,1.478602634440984502e+03,7.268871252589804044e+02,-6.355970026224608773e+02,1.479168638872856263e+03,9.067386719169396656e+02,-2.425273584229466906e+02,1.480958058134507837e+03,9.398283212612959687e+02,-5.412586896821630944e+01,1.483313475211067271e+03
6.119408493857495159e+02,-6.521169029413554199e+02,1.467528373851223705e+03,5.023781576300584675e+02,-7.408866961469457237e+02,1.477550512745406195e+03,5.592140014416982012e+02,-6.881937426702470475e+02,1.473749524933304201e+03,5.428003194768175490e+02,-5.715211584827020488e+02,1.475879044176744401e+03,5.296428503366551013e+02,-6.169515143925877965e+02,1.473760933852798644e+03,6.472648765553485646e+02,-6.159942154851105443e+02,1.474027683539499549e+03,7.203302416363096654e+02,-4.460293809991912894e+02,1.477317370372233199e+03,6.236622661676185544e+02,-5.153322106406262719e+02,1.470052630896785786e+03,9.635691787102100534e+02,1.078616398413446404e+02,1.488304169930916942e+03,5.303465400829154532e+02,-5.257485754689046189e+02,1.476515571660790329e+03,8.748190824205444187e+02,-5.292432303648483867e+02,1.473649310613345733e+03,8.555751212332702380e+02,-6.107925857289587839e+02,1.477124843997482458e+03,9.506298396980648704e+02,-3.333876227883570209e+02,1.482055945512043991e+03,8.665044548960197517e+02,-1.410476184430640387e+02,1.481311237392398198e+03
6.604605416733759284e+02,-8.124783313428574729e+02,1.463976631110255084e+03,5.027776346496507358e+02,-6.752095368936279556e+02,1.472775373239964210e+03,6.130973307586202736e+02,-7.797197205101219879e+02,1.479685284662983349e+03,6.390861622518923468e+02,-6.167427967401263231e+02,1.474447477303895539e+03,5.912046794705454431e+02,-7.054036644543234615e+02,1.471053935168750058e+03,7.112839791789426727e+02,-6.787347537532446040e+02,1.472015973939646983e+03,7.715445222004368588e+02,-4.914930745029141690e+02,1.475922043281248079e+03,6.468141624787206183e+02,-5.821585322625778645e+02,1.468395673458293231e+03,9.848918484710113717e+02,9.360602845122184590e+01,1.487434368746948167e+03,6.349339069642855975e+02,-3.171859355917799803e+02,1.477831092459650790e+03,1.050068243914578034e+03,-5.569000318309172144e+02,1.470695199806370510e+03,9.982267217889827862e+02,-5.494081951244520496e+02,1.471498010756044323e+03,1.030053783121061997e+03,-4.445574272881899560e+02,1.484125923043178091e+03,8.036985529711098479e+02,-2.355937926338751822e+02,1.481640537557053904e+03
6.607626928127851897e+02,-1.175314939756530066e+03,1.467398742442676394e+03,5.272279581046359453e+02,-7.008504061160324454e+02,1.473332893175296704e+03,5.855284841519955989e+02,-8.313974347356452199e+02,1.475260765231148753e+03,7.073876225808185154e+02,-6.777259027517834511e+02,1.472637131923052948e+03,6.386833914074557015e+02,-7.677294611224551772e+02,1.469046377124042692e+03,7.762958030447030069e+02,-7.428451739662341424e+02,1.469999527020821688e+03,8.313205227108740019e+02,-5.440377340908657970e+02,1.474504875099238916e+03,8.465405957747793764e+02,-5.183627593334781523e+02,1.468204310175997307e+03,1.036079079810806888e+03,-7.012396504325897695e+01,1.485973427577716393e+03,7.257737948682593014e+02,-3.258502985729778629e+02,1.478225501158213092e+03,1.117241472868832261e+03,-5.995496278852006071e+02,1.467520832527435459e+03,1.090395663690980655e+03,-4.911801051093789283e+02,1.468041619258775427e+03,1.057198471974563518e+03,-4.352728108736964714e+02,1.487962189063215646e+03,8.043149098565452277e+02,-3.084230564930985565e+02,1.481183261421338102e+03
6.438793852494761722e+02,-1.113024854059958216e+03,1.467288278355169041e+03,5.351530094176455350e+02,-6.867089599796786388e+02,1.471492380728034050e+03,7.267700789280697791e+02,-8.682779122220699719e+02,1.472854608081005608e+03,7.568590234574646729e+02,-7.302000291029794425e+02,1.470757835193160190e+03,6.954925170035639894e+02,-8.259125876819211953e+02,1.467961312719080070e+03,8.422672975059472265e+02,-8.083391776838393525e+02,1.467979446930619815e+03,8.994399085925676900e+02,-6.031172155909926005e+02,1.473061254695529897e+03,9.196732872618788406e+02,-6.104822249480639584e+02,1.470059992022341703e+03,9.951898444135476893e+02,-2.978499998987763320e+02,1.485227855234597428e+03,8.913967100484007915e+02,-4.210419490898943877e+02,1.477778374639266985e+03,1.170610401162125299e+03,-7.984377515987030165e+02,1.465571335943652457e+03,1.131132409150546664e+03,-4.889229338505188025e+02,1.466121480188051464e+03,1.029549440138974660e+03,-4.733941126892586908e+02,1.488010065820065392e+03,8.043398984257039501e+02,-3.219951910793242860e+02,1.478316620727532836e+03
6.881510611914377478e+02,-1.238322153209524913e+03,1.468076796058194986e+03,6.340129795113975888e+02,-8.734784960756501278e+02,1.469979218140114881e+03,7.271401508933129207e+02,-9.153071243169347326e+02,1.473406901246839652e+03,7.771727328200279317e+02,-8.165332008878312990e+02,1.468497064069352746e+03,7.614998332733141524e+02,-8.709021515551585253e+02,1.466838145352941865e+03,9.091638094603963509e+02,-8.752277261538688435e+02,1.465956832558792257e+03,9.730925736497256366e+02,-6.679735487173438742e+02,1.471584672857148234e+03,1.058661362256209259e+03,-4.877433327687322162e+02,1.469352299309320415e+03,8.289488299945487597e+02,-5.666669332500573546e+02,1.480982900768871559e+03,1.038270139757508559e+03,-4.679754866373832556e+02,1.479780975862468949e+03,1.086087669575780183e+03,-9.755453574296238912e+02,1.464326126614983878e+03,1.201705282694024390e+03,-5.146677400935782316e+02,1.466047615512620951e+03,9.930610912069432743e+02,-5.630718172389115352e+02,1.484754484302846322e+03,9.469454794741131991e+02,-4.685092237978969933e+02,1.473954973198171047e+03
7.360236437073469915e+02,-1.237395972183155891e+03,1.469864904905745107e+03,7.069863158568095969e+02,-8.413566398325970113e+02,1.468720654247614675e+03,7.830288401688887916e+02,-8.512789511580904218e+02,1.470252010154100390e+03,7.906125854340345995e+02,-8.934155149650619023e+02,1.466737676534951333e+03,8.123407903395759604e+02,-8.918367108293832644e+02,1.465425929441885501e+03,9.769467798202545055e+02,-9.435216436085329406e+02,1.463932772279398250e+03,1.045070872915263863e+03,-7.376827002796708257e+02,1.470066533006380041e+03,1.068190305125263421e+03,-5.838093831470741861e+02,1.468130825512081401e+03,7.486204385678358904e+02,-5.840691302360514783e+02,1.476633344657311909e+03,1.082160650158378985e+03,-4.578993761525125592e+02,1.478867591959129186e+03,9.770557986092051124e+02,-1.020699222063158231e+03,1.464432729891762847e+03,1.267095770830753281e+03,-4.462606354270501470e+02,1.465584744816806506e+03,9.845279247546354782e+02,-6.337384936980492967e+02,1.477866126723190746e+03,1.154707013777224120e+03,-6.043289841412156420e+02,1.468683430913240954e+03
7.487210535175543100e+02,-1.190177344354423212e+03,1.470273980628567188e+03,7.475793506772547516e+02,-9.865709025566661694e+02,1.465208497484222107e+03,7.563754062297089149e+02,-8.414633390546464398e+02,1.467970573084992338e+03,8.188428679775593082e+02,-9.824859224465626539e+02,1.464688175444766557e+03,8.415185308616653401e+02,-9.479806014906694145e+02,1.463097598056784136e+03,1.045575946888654016e+03,-1.013227917843310479e+03,1.461908370240033719e+03,1.101720482556505885e+03,-8.112082842976892607e+02,1.468496009238936040e+03,1.118227719982328836e+03,-6.734114289759522762e+02,1.464972497962742636e+03,5.994278220067253642e+02,-6.870392817084293711e+02,1.475896093083817050e+03,1.170039170772785837e+03,-5.154209934257323766e+02,1.473328998698561236e+03,1.004939973479625905e+03,-1.073847234296761144e+03,1.464225445124378666e+03,1.304153244255335494e+03,-4.966444420776260813e+02,1.465247154047099230e+03,1.001278021181611621e+03,-7.350724416255961842e+02,1.470422314118330860e+03,1.319665286240676323e+03,-6.973821847651361168e+02,1.463579445312058169e+03
7.988128465999752734e+02,-1.088900336666069052e+03,1.470006036446288363e+03,8.180035692764338364e+02,-1.063185511100256463e+03,1.464592832588162082e+03,8.462518401399531740e+02,-9.919978911899183913e+02,1.466756020669069812e+03,8.664308755984989148e+02,-1.047662462981890258e+03,1.463210300059693964e+03,8.857108844243020940e+02,-1.014250775725163749e+03,1.460298199437925632e+03,1.115007844057533930e+03,-1.084352577544495034e+03,1.459884709556912640e+03,1.123035545676237689e+03,-8.874571903337050571e+02,1.466860041066105168e+03,1.173274795879680823e+03,-8.206805675396863080e+02,1.466657221437727230e+03,5.826881478072864411e+02,-8.322949894110283822e+02,1.471508755082814787e+03,1.224627995698560881e+03,-7.749468759490814591e+02,1.469627635799626887e+03,1.037008224272360167e+03,-1.028130348373755169e+03,1.464522539902029393e+03,1.262569285413693706e+03,-4.991732081716645553e+02,1.462282366523721294e+03,9.449660886251183456e+02,-8.545457494530296572e+02,1.463795908681431911e+03,1.422981551263620304e+03,-8.023404343378501835e+02,1.462156091991829499e+03
6.569925210108933697e+02,-1.031690597557336332e+03,1.471189596916095525e+03,9.880514052965131668e+02,-1.287584110166512119e+03,1.460885849902915879e+03,8.407953591406410396e+02,-1.092416326028337608e+03,1.464032899094363756e+03,9.138040639393702804e+02,-1.112146260006936700e+03,1.461141446265194872e+03,9.241512387530626711e+02,-1.088937011379842261e+03,1.457550889963738882e+03,1.185197101802812313e+03,-1.156898774070832133e+03,1.457862857572711164e+03,1.090603446854281174e+03,-9.653357598876359589e+02,1.465143638369806695e+03,9.917276103785416126e+02,-8.527357987429813875e+02,1.461587793831362205e+03,5.249314830728299057e+02,-9.834711165911157877e+02,1.467452773030654271e+03,1.240876936232011531e+03,-9.908940461794800285e+02,1.469767039868521579e+03,1.017523440230508868e+03,-9.630844821081986993e+02,1.466136719237441184e+03,1.220076730927251447e+03,-5.338305478517986558e+02,1.459971762249811718e+03,8.423215551830746790e+02,-8.275063085905430853e+02,1.456184645285264196e+03,1.350899179953586327e+03,-8.392978837785740325e+02,1.463389671169062922e+03
7.199413502482350395e+02,-1.120549858786745062e+03,1.466120399826779021e+03,1.009128732753046052e+03,-1.349432632869196368e+03,1.459215857970233628e+03,9.965737512657965453e+02,-1.168411721889701766e+03,1.462867389792810854e+03,9.819769626888812581e+02,-1.181723477104697395e+03,1.458726635672925113e+03,9.548958726163405117e+02,-1.186182054027608729e+03,1.455226866586828692e+03,1.256095546303112769e+03,-1.230867466531505215e+03,1.455843897403642814e+03,1.007005341443048565e+03,-1.043808429072782019e+03,1.463330512344071849e+03,8.611953538889381434e+02,-1.013918933305205883e+03,1.464872499541002071e+03,7.066675441844063243e+02,-1.075406393934890275e+03,1.467583036688803531e+03,1.182819310096326262e+03,-1.074424928465283301e+03,1.464582452021232257e+03,1.019295084297661333e+03,-1.000246202672759864e+03,1.466566409767414598e+03,1.036691582718178324e+03,-6.743824173339994559e+02,1.456762244223465359e+03,7.257613789118483965e+02,-8.327800765970619068e+02,1.452524192465379656e+03,1.209903039329374451e+03,-8.882888983822754199e+02,1.467290652999218992e+03
8.038064097982687599e+02,-1.194763378066380938e+03,1.461108672851465826e+03,1.068120791136881735e+03,-1.626956429413255137e+03,1.455729634511316817e+03,1.014135759029191377e+03,-1.205051607806407674e+03,1.460494362652495738e+03,1.040411241507760224e+03,-1.259639103750980439e+03,1.456429498118214269e+03,1.022765893226975777e+03,-1.272762167288567070e+03,1.453792775362994917e+03,1.327652600053663946e+03,-1.306257010739342377e+03,1.453828864845309909e+03,9.097090449771794738e+02,-1.121938559263915522e+03,1.461404389956469913e+03,9.323077072248577224e+02,-1.157101002609949774e+03,1.462627028451355500e+03,7.611520629587835174e+02,-1.253435322824232571e+03,1.463033559676820687e+03,1.027557116226279959e+03,-1.374695150270792055e+03,1.462082919681206477e+03,1.068551057961307833e+03,-1.178648234958614921e+03,1.466555110191327230e+03,9.264862282659014454e+02,-8.370659311738877477e+02,1.458742642213272575e+03,5.651247486778338498e+02,-6.714483847619185326e+02,1.451191608153203788e+03,1.002143003793725711e+03,-1.039399986658987473e+03,1.469101570584662340e+03
8.858732889270891064e+02,-1.358023262812048642e+03,1.455325304993855298e+03,1.154850033515126370e+03,-1.443841372035033828e+03,1.452840476708323649e+03,1.226205612918431143e+03,-1.338270738720745840e+03,1.458745834699123634e+03,1.114368004787367454e+03,-1.341025991046342597e+03,1.454551508401433466e+03,1.100598685152552434e+03,-1.374803498041035937e+03,1.452575117721007246e+03,1.399816383554521963e+03,-1.383062748164025379e+03,1.451818806209005970e+03,8.492926631489044667e+02,-1.198926527433413185e+03,1.459351011929471042e+03,7.279964638863395976e+02,-1.520321563896058478e+03,1.464164664091156055e+03,7.544271651882693277e+02,-1.253487703777086153e+03,1.457231279753827494e+03,1.060773979822174397e+03,-1.391720884028791261e+03,1.456346199537920256e+03,1.112899493531907638e+03,-1.242839766935015632e+03,1.462408244078949792e+03,9.065632445389117038e+02,-9.408666003122016264e+02,1.456348222485434235e+03,5.040930267616959100e+02,-6.810693855056088069e+02,1.454299131941982978e+03,8.226770435040987195e+02,-1.165005335995304677e+03,1.469722245933674685e+03
1.003744106290822629e+03,-1.347843872955611914e+03,1.451678518076471391e+03,1.155790093107028270e+03,-1.535859803972335385e+03,1.449937519184877374e+03,1.245103949928567090e+03,-1.343015289455145648e+03,1.456987361460902775e+03,1.185162442995769425e+03,-1.420966369322644596e+03,1.452840263734242853e+03,1.187241648072465750e+03,-1.450598452888205202e+03,1.450880016409861810e+03,1.472532012701499525e+03,-1.461278239072466931e+03,1.449814720485413545e+03,8.502104695919240385e+02,-1.274129456397312197e+03,1.457161024555580980e+03,8.038714408243454272e+02,-1.478097964642000761e+03,1.461461930196207277e+03,8.393097066433556392e+02,-1.232302607224401527e+03,1.456615250781063196e+03,1.018228299104391908e+03,-1.500055669846673709e+03,1.448876061959203980e+03,1.092750436711638031e+03,-1.439944049151202535e+03,1.458869470127328213e+03,9.838013140327425390e+02,-1.097674076319392043e+03,1.456867826898344674e+03,5.997800438878957721e+02,-7.973669246461345210e+02,1.456092321465651366e+03,6.402955498758963131e+02,-1.453878059228505663e+03,1.467403016602873095e+03
1.021405921081689712e+03,-1.302559169445976522e+03,1.447706723642272891e+03,1.247859355483054060e+03,-1.495392399515392981e+03,1.446534191249681044e+03,1.360008907444115039e+03,-1.609412852965221873e+03,1.455950210731207562e+03,1.252441839990798826e+03,-1.487702806651821675e+03,1.451393803332567359e+03,1.286436164875116674e+03,-1.525397564786135717e+03,1.448928655299139336e+03,1.545743802162610564e+03,-1.540892933263651003e+03,1.447817606665214726e+03,9.036894205281118957e+02,-1.347067791563995115e+03,1.454833349976432146e+03,9.340112386072250956e+02,-1.590131817682691008e+03,1.457013813804490383e+03,9.125213926134115354e+02,-1.322164252000305851e+03,1.453567268024738496e+03,8.565115471129565776e+02,-1.727056270792085570e+03,1.446506907397547138e+03,1.080829732272195542e+03,-1.519666674531832086e+03,1.456235979338514426e+03,1.080519163600277125e+03,-1.130541030126975784e+03,1.456777730202086786e+03,7.188777862311951594e+02,-8.480041333569506605e+02,1.458547807997869086e+03,7.303536072509336918e+02,-1.582087595630458281e+03,1.462348071074331529e+03
1.149093396088712552e+03,-1.349906833372486062e+03,1.446535140452258702e+03,1.200535167589527873e+03,-1.493878111386639603e+03,1.444345834981411599e+03,1.384246253407639870e+03,-1.647243538183657392e+03,1.449383904283144602e+03,1.320038277773458958e+03,-1.542677147634703488e+03,1.449332294489462811e+03,1.384460352731918420e+03,-1.562175874119429182e+03,1.446292556211735018e+03,1.619393262308575231e+03,-1.621893540224610433e+03,1.445828442707709655e+03,9.879615588247136202e+02,-1.417424204809408366e+03,1.452378077997916080e+03,9.976670769800305152e+02,-1.430574064063350306e+03,1.454657277142220892e+03,9.584254297211164157e+02,-1.343092580893129707e+03,1.448755303889542120e+03,8.980937588637234512e+02,-1.708974594968027077e+03,1.443724293627546103e+03,1.090140768638011878e+03,-1.524844303623573069e+03,1.450966575621674565e+03,1.153800658570629139e+03,-1.127944351078410818e+03,1.455950638532696303e+03,8.573355122493155704e+02,-1.206553976081044993e+03,1.459198301095930447e+03,8.282124938400947940e+02,-1.677744149214755453e+03,1.458583184763108193e+03
1.234029135058904103e+03,-1.370538003556378953e+03,1.447100572758462022e+03,1.317094629470246446e+03,-1.693516410796516311e+03,1.443000539057680271e+03,1.469343944041311261e+03,-1.597865956810823945e+03,1.447840764884117334e+03,1.405100579890585323e+03,-1.619861449111001775e+03,1.447569243190906718e+03,1.471949671717944966e+03,-1.623310564747729586e+03,1.443934782953366039e+03,1.693421703203163133e+03,-1.704263755099229684e+03,1.443848153993740198e+03,1.084348862353345112e+03,-1.485030166948497708e+03,1.449816129588060221e+03,1.173557503273254497e+03,-1.419617291233078504e+03,1.445548721417677370e+03,1.041952987542350456e+03,-1.378586748555737131e+03,1.444581108730120150e+03,8.979618195322443626e+02,-1.692116440697067674e+03,1.443959561832431746e+03,1.066856756064106776e+03,-1.551446017627427636e+03,1.446913573187521706e+03,1.186165487437967386e+03,-1.155645348903010017e+03,1.454038026336378607e+03,1.054858062196971787e+03,-1.508147513912823797e+03,1.457315110074645190e+03,9.426774878190726668e+02,-1.557263974393948729e+03,1.456146304795351170e+03
1.277668178901924648e+03,-1.467929331877088998e+03,1.441467337284139376e+03,1.503371949241506854e+03,-1.663961361135923198e+03,1.439266183060953153e+03,1.538888836412776755e+03,-1.792763997203225699e+03,1.443409923823644704e+03,1.477753198415670340e+03,-1.722116873939184188e+03,1.445010378654452325e+03,1.553777686658142784e+03,-1.691242659727535738e+03,1.440884288023883983e+03,1.767768632147598510e+03,-1.787984669735039688e+03,1.441877669847533980e+03,1.181523372193863679e+03,-1.549870880296722135e+03,1.447168509840422530e+03,1.169169351388856057e+03,-1.413231155389268224e+03,1.443482378527839955e+03,1.165872558200402864e+03,-1.477515269003149115e+03,1.440290231634774955e+03,1.060091316518233725e+03,-1.607981624450615755e+03,1.445657429999874921e+03,1.176606746930056033e+03,-1.609867027271700408e+03,1.442401048178971905e+03,1.211131225125561514e+03,-1.093335820584004068e+03,1.450814199057164160e+03,1.208784456603124909e+03,-1.537942910687493622e+03,1.454606962155344036e+03,1.236436493082363540e+03,-1.545485272113094652e+03,1.455565765727788630e+03
1.462004129688769353e+03,-1.419233759435763204e+03,1.438558662959181675e+03,1.634588033809263379e+03,-1.816056026707067076e+03,1.436815463512163433e+03,1.623364205895494479e+03,-1.909916429600230003e+03,1.440613742818070477e+03,1.570841256067709082e+03,-1.822504981467448033e+03,1.442150099971595637e+03,1.636472846723311250e+03,-1.749170988914947884e+03,1.438669918582452965e+03,1.842372755215307279e+03,-1.873033128496045038e+03,1.439917867014860349e+03,1.274167339448564007e+03,-1.612229419078733144e+03,1.444414282013438878e+03,1.432203892983127389e+03,-1.539108024001937338e+03,1.439009564328810484e+03,1.353048878502519528e+03,-1.565524935303433494e+03,1.434056794656544525e+03,1.066994629567221182e+03,-1.494195620609695425e+03,1.449210325290632227e+03,1.317895947206092387e+03,-1.451489796291336233e+03,1.436951687825501494e+03,1.331991829570361233e+03,-1.164136077273048386e+03,1.446928444963340326e+03,1.301795004001467760e+03,-1.579965452291824022e+03,1.449988424075448165e+03,1.418833247833929363e+03,-1.517830430323948121e+03,1.456117008615298118e+03
1.590050383793003675e+03,-1.701272864472218771e+03,1.440397934137135735e+03,1.744119902591412028e+03,-1.874563919865349590e+03,1.438322580797353339e+03,1.759472580817272046e+03,-1.834827300997734937e+03,1.440619330044573417e+03,1.658503402094120247e+03,-1.926222697659589357e+03,1.439671524172961654e+03,1.719542337522370417e+03,-1.856554373265934146e+03,1.436494406722170652e+03,1.917171927175178553e+03,-1.959382687371908105e+03,1.437969601210106703e+03,1.361156441209399645e+03,-1.673983171012915591e+03,1.441358691559120189e+03,1.396641465289603730e+03,-1.528929428295434263e+03,1.436444724591464364e+03,1.279876297210034636e+03,-1.529034855115889286e+03,1.429330658019818202e+03,1.072828571159900775e+03,-1.419568959467437026e+03,1.445400006980372154e+03,1.471304120023094129e+03,-1.487436488205896467e+03,1.433801936399266424e+03,1.464865236550733016e+03,-1.323390560298935270e+03,1.441317182021800136e+03,1.422051139742935220e+03,-1.631356733825266247e+03,1.444557310034118700e+03,1.643542911877953429e+03,-1.569200559387871635e+03,1.454755802698834259e+03
1.652942659854337080e+03,-1.913234226618295679e+03,1.437221069124274436e+03,1.837959416908965750e+03,-1.885659272985265261e+03,1.434467134402158308e+03,1.966054853470398029e+03,-1.957426897291231171e+03,1.434336777298838342e+03,1.759616880982031489e+03,-2.011088129958082391e+03,1.437019211056535141e+03,1.813349498046940198e+03,-1.974420193426935839e+03,1.434029808549787049e+03,1.992103502028729054e+03,-2.047004573087131348e+03,1.436033697915047469e+03,1.453734106863785883e+03,-1.748631734868904687e+03,1.437346050943093132e+03,1.477058733406768852e+03,-1.528746974096951362e+03,1.435065580474755052e+03,1.375125382564743177e+03,-1.593394650874603030e+03,1.429897810845808408e+03,1.039029313964055518e+03,-1.494251492790754355e+03,1.443743670219216483e+03,1.681591224945422255e+03,-1.516641969228449625e+03,1.432474997859285395e+03,1.552193073459355219e+03,-1.701140676191311059e+03,1.434216965325556885e+03,1.415068605528829721e+03,-1.633844658319680548e+03,1.440018649723465842e+03,1.868372643915742174e+03,-1.750323343492798358e+03,1.452328216568108473e+03
1.790258762987014279e+03,-2.019251675803966691e+03,1.433169382865817397e+03,2.031155056196565511e+03,-2.156186360511932435e+03,1.434165999732554837e+03,2.096363635679702838e+03,-2.194269687377211994e+03,1.433370910550300323e+03,1.886143477059924862e+03,-2.096815027507061131e+03,1.434728533150001567e+03,1.904588626426591418e+03,-2.080731452340058695e+03,1.432245980720633270e+03,2.067104783700736334e+03,-2.135865422343698810e+03,1.434110943177613990e+03,1.717085265153358705e+03,-1.921774783156871081e+03,1.431451135743651548e+03,1.767727850012147655e+03,-1.747162631190893308e+03,1.426198264004789962e+03,1.444078474231469954e+03,-1.650501390592607322e+03,1.424353873834002798e+03,1.352796318474343934e+03,-1.658424451753515541e+03,1.436007788261395490e+03,1.946131332566419132e+03,-1.755963903757381331e+03,1.429872176974461354e+03,1.721744880337826544e+03,-2.120509600729157228e+03,1.427797756318920392e+03,1.576236020628847427e+03,-1.732431902518390643e+03,1.432683141256136878e+03,2.204175506083591699e+03,-1.955717856907223677e+03,1.446385715019312556e+03
1.862850945146752565e+03,-2.007544486336082400e+03,1.430687475426324454e+03,2.156705842388437304e+03,-2.055424579000127324e+03,1.430158147134881119e+03,2.107986352140754661e+03,-2.084534805537330612e+03,1.432686313299724816e+03,1.999972554364193002e+03,-2.195200781930192534e+03,1.432754187670263263e+03,2.012928517288338298e+03,-2.168471170117067231e+03,1.430095738881763737e+03,2.142112775655555197e+03,-2.225929131531640451e+03,1.432202083611895659e+03,2.269497128942545260e+03,-2.385380279658732434e+03,1.424863607159509002e+03,2.327377305883391273e+03,-2.498133357151135442e+03,1.421882614641024247e+03,2.227282111142817485e+03,-2.084492750165703001e+03,1.426121954593825421e+03,1.949745212112306945e+03,-2.277397003836740623e+03,1.428833029253392397e+03,2.644177920285080745e+03,-2.345647629428288383e+03,1.427628175470512588e+03,2.361303439810207237e+03,-2.722818762660605444e+03,1.422880397692307270e+03,2.155680109029018695e+03,-2.305217981547269574e+03,1.426650644531810485e+03,2.633261259363823683e+03,-2.517370384233098775e+03,1.437981880998926499e+03
1.913128636917000449e+03,-2.124762805357743673e+03,1.427355939899720624e+03,2.277803986868018001e+03,-2.315195533028565023e+03,1.430758955743851857e+03,2.199351543675477842e+03,-2.203980380547272489e+03,1.429591070658670333e+03,2.134390596554610966e+03,-2.263895112022774811e+03,1.430962079810839668e+03,2.132204014878491307e+03,-2.271459716027150989e+03,1.428360900871552303e+03,2.217064781817963649e+03,-2.317155966127651482e+03,1.430307851372905361e+03,2.429146074364897686e+03,-2.777720675471864070e+03,1.420286181903358738e+03,2.472888728957621424e+03,-2.866375919023760162e+03,1.417959588290562579e+03,2.523549756260922550e+03,-2.491413978446045803e+03,1.421677011544854849e+03,2.258065994210106965e+03,-2.757873255147601867e+03,1.423951001250844456e+03,2.758899886002868698e+03,-2.756466782182729730e+03,1.424211423805212917e+03,2.498100785399787583e+03,-3.160880484260997491e+03,1.419683114859871012e+03,2.268456497258302534e+03,-2.569952491389974512e+03,1.423404272338575538e+03,2.712876146519802205e+03,-2.730008518981258476e+03,1.428513006072835424e+03
2.152663210503734263e+03,-2.360204196370468253e+03,1.424190044134632672e+03,2.428790380343886227e+03,-2.229531545379019462e+03,1.429971160984324797e+03,2.273842337542161658e+03,-2.367677344884486956e+03,1.423569614797131180e+03,2.246518931701439215e+03,-2.344982608881571196e+03,1.429295393313111163e+03,2.248631901504978032e+03,-2.363534488368530674e+03,1.427146404996818546e+03,2.291898782148694863e+03,-2.409502697710687698e+03,1.428428918150430945e+03,2.503795667110163322e+03,-2.907294750447589195e+03,1.417651053482635007e+03,2.554636928668360724e+03,-3.096188869460588649e+03,1.413609687045808869e+03,2.772670523862461323e+03,-2.524332863939529489e+03,1.423372780406474021e+03,2.501556088940891186e+03,-2.793413614737997705e+03,1.420231036280366880e+03,2.753673537339096129e+03,-2.810022155333289447e+03,1.421880610153001953e+03,2.659869223493214577e+03,-3.102166836936065920e+03,1.419917149118030693e+03,2.292603292571450311e+03,-2.588416782695229813e+03,1.420087240693577996e+03,2.435369728291446791e+03,-2.699432906833982997e+03,1.420705746445607701e+03
2.259720696050102561e+03,-2.589771969403857383e+03,1.420782401763848839e+03,2.512946222190585559e+03,-2.352434075791223222e+03,1.427853898384491231e+03,2.383710304439643551e+03,-2.458150039138598459e+03,1.424236412132446048e+03,2.350027759467787746e+03,-2.428510745727408903e+03,1.427327542441839796e+03,2.358141630101927603e+03,-2.477897688868179557e+03,1.425666983976825804e+03,2.366553082107275713e+03,-2.502923426055550863e+03,1.426565930659493233e+03,2.573930040751254182e+03,-2.969168254014078684e+03,1.415904621915101188e+03,2.653504037017607516e+03,-3.259400251829613808e+03,1.412527671269476969e+03,2.769482839942374994e+03,-2.569072564681285712e+03,1.419970935349740785e+03,2.674746757295933548e+03,-2.786846912463300214e+03,1.418042716815273479e+03,2.820769318779542573e+03,-2.978415050691712167e+03,1.419206259530502393e+03,2.683642212068057233e+03,-3.024768431364972457e+03,1.417834714620996692e+03,2.472366724352929396e+03,-2.469105350580529830e+03,1.418899750337712248e+03,2.240184895129240886e+03,-2.707921931114637118e+03,1.415982629776485510e+03
2.558208258595795542e+03,-2.802683226395161000e+03,1.418862806856781390e+03,2.558831298026750574e+03,-2.258266879994799638e+03,1.427990342267803271e+03,2.444905049737519676e+03,-2.681331935505234469e+03,1.420239164347449105e+03,2.451155845795598907e+03,-2.514705340397817508e+03,1.424996156418472310e+03,2.470315027193868900e+03,-2.587775561315278537e+03,1.423882145794162852e+03,2.440966938611242767e+03,-2.597367592406724725e+03,1.424719506039730732e+03,2.644835445918052756e+03,-3.020909043090881369e+03,1.414522126596538783e+03,2.747207555816219156e+03,-3.333098905949150776e+03,1.413025272887747178e+03,2.669194176560130927e+03,-2.610870357092993345e+03,1.417047937623154667e+03,2.740874434700153870e+03,-2.906365358350655242e+03,1.417259387944764512e+03,2.852232990431462895e+03,-3.069464971829555907e+03,1.416044321382717044e+03,2.772384872812513549e+03,-3.014393121818332020e+03,1.419883464188640801e+03,2.625043105421122618e+03,-2.424231788515416156e+03,1.416709542233897309e+03,2.181589690848949431e+03,-2.781107916980027767e+03,1.414662044632758807e+03
2.605069253203404969e+03,-3.179168424440459603e+03,1.418984064192421101e+03,2.615921306997974170e+03,-2.484884821713911606e+03,1.422388721611864867e+03,2.555574973183589918e+03,-2.651347285044481396e+03,1.418369697130108534e+03,2.565733960191460937e+03,-2.609081662522459737e+03,1.422310454942610477e+03,2.568590210565025245e+03,-2.697672085077044358e+03,1.421921962230586814e+03,2.515080785381462192e+03,-2.692783404868315301e+03,1.422890216739093830e+03,2.717299189075921277e+03,-3.071536032374752722e+03,1.413314249591408952e+03,2.840890397211127038e+03,-3.362348882097207934e+03,1.412053801754826736e+03,2.672632471736358184e+03,-2.634780978407995008e+03,1.417099973018134961e+03,2.884214679687067473e+03,-2.974444401494993144e+03,1.420115575581168287e+03,2.892342375167766022e+03,-3.136507624476412275e+03,1.413205077927644197e+03,2.837068643838674689e+03,-3.094292407220055793e+03,1.418722426827821209e+03,2.750630829632534187e+03,-2.520281356865583803e+03,1.415682852713847296e+03,2.197412793775000409e+03,-2.865035809686345601e+03,1.417298704545151850e+03
2.693026882112811563e+03,-3.226880364539378661e+03,1.416584703591743846e+03,2.760318883724661646e+03,-2.603668799625883366e+03,1.419573691053261200e+03,2.660309307019923835e+03,-2.854169559392783412e+03,1.416910017583104263e+03,2.695877908346476033e+03,-2.703220594075495683e+03,1.419696799209312530e+03,2.647935520016184455e+03,-2.801097468332411609e+03,1.420358841238862396e+03,2.588836552181328898e+03,-2.789114207490712033e+03,1.421078586570459720e+03,2.791699750206109456e+03,-3.122676830149643138e+03,1.412204920388172013e+03,2.889239842793710977e+03,-3.269576790624811110e+03,1.411019476825732454e+03,2.787679585939077242e+03,-2.857523841346595873e+03,1.415850432190351512e+03,2.892078936412866824e+03,-3.038012356364194147e+03,1.414675227402365863e+03,2.899202654278563841e+03,-3.153065265720378193e+03,1.410659810859157233e+03,2.870714116819911396e+03,-3.071735375494760774e+03,1.417286455985032944e+03,2.932170704558278430e+03,-2.661368786362083029e+03,1.412150290476568671e+03,2.365360740224638903e+03,-2.958005235585644186e+03,1.416980746210225561e+03
2.921395777064077720e+03,-3.147257233982528760e+03,1.414177548924250459e+03,2.670921384721032609e+03,-2.729749819032633241e+03,1.416819318143968758e+03,2.780872525651113392e+03,-2.996546817063697290e+03,1.415865609476496957e+03,2.846119253397655939e+03,-2.818908531241219862e+03,1.417927854019024153e+03,2.734157093441079269e+03,-2.902061085123184057e+03,1.418281041096149693e+03,2.662177652297584700e+03,-2.886301802898833103e+03,1.419285122258707815e+03,2.868232378507729663e+03,-3.174958830836986181e+03,1.411153430116521349e+03,2.939395340911775747e+03,-3.390255555544689287e+03,1.408087217746118768e+03,2.916896256525643366e+03,-2.830935171883104886e+03,1.415554832557413420e+03,2.975429496446212852e+03,-3.122067160227753448e+03,1.414198759180807883e+03,2.946993681596820352e+03,-3.147124037630316707e+03,1.407921253683246277e+03,2.937003535361892318e+03,-3.084652424969706317e+03,1.416487319439885368e+03,3.092925374063669551e+03,-2.678289614358832296e+03,1.408644746402736018e+03,2.646006218753653229e+03,-3.084416184909643562e+03,1.415893092207707014e+03
2.948909524416665136e+03,-3.161814374668192613e+03,1.410745003812170808e+03,2.790614664742790410e+03,-2.968970477907419081e+03,1.416370762975002435e+03,2.738759808705741762e+03,-3.025289004926653433e+03,1.411935342977561504e+03,2.978664333036810604e+03,-2.953659765536070154e+03,1.416180875061735378e+03,2.797049199760008378e+03,-2.996677713227486493e+03,1.416663491654863719e+03,2.735048932463577785e+03,-2.984284157280862019e+03,1.417510293066566192e+03,2.946936133835951750e+03,-3.228879606579484062e+03,1.410132230293929297e+03,3.140030423841155880e+03,-3.565662882859820911e+03,1.410278203581292473e+03,3.126082930195399967e+03,-2.689410276307550703e+03,1.411562753438848631e+03,2.790775906272992415e+03,-3.056611081159443074e+03,1.413907185357623121e+03,3.023688333790192701e+03,-3.189147467901303116e+03,1.407490434299297704e+03,3.124288184507189271e+03,-3.120916081782263518e+03,1.412904395614401210e+03,3.173208727561064279e+03,-2.681619834566468398e+03,1.405341225390652426e+03,2.868642507516477963e+03,-3.240798314790903078e+03,1.413457232452979724e+03
3.040778676197522145e+03,-3.141564280037941444e+03,1.413026228374975744e+03,2.896639936896187919e+03,-3.342995849804677164e+03,1.414244938708739255e+03,2.987602664019258100e+03,-3.205384182437122490e+03,1.410758847288188463e+03,3.112540931403191280e+03,-3.061532219950031049e+03,1.414996011208207619e+03,2.874482546187310163e+03,-3.124190961236946350e+03,1.414828363778282664e+03,2.807397380193181107e+03,-3.082997935176805640e+03,1.415754507791538117e+03,3.027709510644071543e+03,-3.284925425733037628e+03,1.409120770630490370e+03,3.165236007205436181e+03,-3.724674311811391817e+03,1.405466491839715445e+03,3.384468549946552230e+03,-2.688970377270315112e+03,1.412378925109918100e+03,2.854600836716118465e+03,-3.113506382957692040e+03,1.417367799611791952e+03,3.091362946038014798e+03,-3.277773091980356185e+03,1.406258429296499571e+03,3.194520663050646817e+03,-3.103252874592430544e+03,1.409796567409655381e+03,3.259382355725480011e+03,-2.739357840955504798e+03,1.406658016915311237e+03,3.091681530440446295e+03,-3.278950703917581905e+03,1.408369432047717737e+03
3.077974164515945176e+03,-3.224226032973590918e+03,1.412580419813756407e+03,2.970493913102935949e+03,-3.165390417734921812e+03,1.411706299805655362e+03,3.063113495346949094e+03,-3.458446520446073009e+03,1.408071300390762417e+03,3.199243958141191797e+03,-3.171495971894322793e+03,1.413950360855033750e+03,2.983379198858063774e+03,-3.237333937042003072e+03,1.413292716949966007e+03,2.879171792022405498e+03,-3.182375977535151378e+03,1.414018166029896292e+03,3.110322105863323031e+03,-3.343578377677820299e+03,1.408103506305402107e+03,3.256688840729276308e+03,-3.799416067538269544e+03,1.404329345311201450e+03,3.652249274784863701e+03,-2.697244281435389439e+03,1.408132987883447640e+03,2.934926406672369922e+03,-3.148220881018868113e+03,1.414694777834990418e+03,3.173587059014013903e+03,-3.314561565746855194e+03,1.404678010900712479e+03,3.382146040921831627e+03,-3.076829952803645028e+03,1.408101121153504664e+03,3.263142066476455057e+03,-2.741508107890264910e+03,1.408472480752090405e+03,3.139152237047384915e+03,-3.495674907356756194e+03,1.403854309974789430e+03
3.074536618207125230e+03,-3.160707364308690103e+03,1.410578012284336864e+03,3.146276413495039833e+03,-3.536692853368455417e+03,1.408335339527000542e+03,3.120989506542380695e+03,-3.431939049831854845e+03,1.407497974417611886e+03,3.253384640955969189e+03,-3.266857861839442194e+03,1.412808483069990871e+03,3.103868567933180202e+03,-3.341487012006924488e+03,1.411061019246792284e+03,2.950323724967411636e+03,-3.282350007770916818e+03,1.412301622686225301e+03,3.194426036399006989e+03,-3.405314180568716438e+03,1.407068977843968923e+03,3.245234925785035557e+03,-3.648068551294508779e+03,1.404300831653755495e+03,3.773526098759499291e+03,-2.812732600491241556e+03,1.407199653041456031e+03,3.043954404512518977e+03,-3.142887887673423847e+03,1.415493095283230332e+03,3.111941505623858120e+03,-3.508331778542821667e+03,1.406370611878995987e+03,3.555036063038236080e+03,-3.148414975450557904e+03,1.406437617508384392e+03,3.290578029766799773e+03,-3.025475577734843682e+03,1.411320788069306445e+03,3.177962678250325553e+03,-3.616455727303916319e+03,1.400634104746660114e+03
3.124499665180364445e+03,-3.139174620503814822e+03,1.409051490318586730e+03,3.098741243957284496e+03,-3.451651195594992259e+03,1.405191977430648876e+03,3.167789817466721615e+03,-3.641360967744061782e+03,1.405555976576272769e+03,3.285869710879846480e+03,-3.374030301272283396e+03,1.410986774328827778e+03,3.218739963286566763e+03,-3.400403537057472931e+03,1.409349832663796633e+03,3.020806282163626747e+03,-3.382849240200989698e+03,1.410605191916805552e+03,3.279566154784918126e+03,-3.470588685298958353e+03,1.406009259043803013e+03,3.293078733892332821e+03,-3.524180883408170757e+03,1.408010376140349308e+03,3.834696716338624356e+03,-2.976097175408917792e+03,1.405966459349955130e+03,3.231382769039313189e+03,-3.444874913643452601e+03,1.415204187405625134e+03,3.129520892617349091e+03,-3.488282891850791202e+03,1.403407308885192151e+03,3.628770877934651708e+03,-3.256085667902039404e+03,1.404507330056830597e+03,3.248316069330408027e+03,-3.351519019332909011e+03,1.410450967377568304e+03,3.180634662427927196e+03,-3.624466380499575280e+03,1.397544445877598264e+03
3.189625884604931343e+03,-3.256679504771738266e+03,1.402996604954371833e+03,3.112836849237446586e+03,-3.543696661802100152e+03,1.403015460624142634e+03,3.272265719619605079e+03,-3.642153482713167250e+03,1.406759466462704722e+03,3.314328368527583280e+03,-3.489097648986402874e+03,1.408879897666976376e+03,3.297382172369599630e+03,-3.499765845848858589e+03,1.407558301364586441e+03,3.090575145698453525e+03,-3.483801441915007672e+03,1.408929158959766255e+03,3.365189764070400997e+03,-3.539828352916091717e+03,1.404919520573631871e+03,3.305156500597908689e+03,-3.584047515288135401e+03,1.409021500275238395e+03,3.757046235915211128e+03,-2.967380526226618258e+03,1.403473652613840613e+03,3.269713776566936303e+03,-3.596027658704162150e+03,1.411882454269495611e+03,3.118487498555036382e+03,-3.457013034366159445e+03,1.404055164316730725e+03,3.665868524187734693e+03,-3.426916953638428822e+03,1.402608682549374180e+03,3.303937809885774186e+03,-3.692280872933544742e+03,1.409997349555675783e+03,3.187446823333983957e+03,-3.494990541959055918e+03,1.395552044246238211e+03
3.336512568682318033e+03,-3.499541397924159355e+03,1.400704884870340493e+03,3.188166201827586065e+03,-3.603948151300687186e+03,1.400742840496814779e+03,3.356627601488504297e+03,-3.857015401049242428e+03,1.404918276453779299e+03,3.357055026572774750e+03,-3.611699288101445291e+03,1.406617023069635025e+03,3.364575659278010335e+03,-3.607344135819538224e+03,1.406052332779584731e+03,3.159589002263540351e+03,-3.585132765787598146e+03,1.407273778820623193e+03,3.450653027642737470e+03,-3.613410935422713465e+03,1.403797614603488455e+03,3.440755787485866676e+03,-3.488036488933486908e+03,1.407909404456582934e+03,3.418311904143006814e+03,-3.198282925785429143e+03,1.403049223457878725e+03,3.383659761500818604e+03,-3.640807684762704412e+03,1.409650476150369059e+03,3.182351509243392684e+03,-3.413648944882466367e+03,1.403147502059243834e+03,3.624038578315504310e+03,-3.589859192096767856e+03,1.402179764206977097e+03,3.290470489847209137e+03,-4.011947402170484111e+03,1.405583858627604741e+03,3.214368663720162658e+03,-3.420086345181287470e+03,1.394597264258949281e+03
3.348550868083882960e+03,-3.546472975885366850e+03,1.395886170994994700e+03,3.388165222468265711e+03,-3.651937776783713616e+03,1.397853216259088867e+03,3.381601065538752664e+03,-3.870789310694769483e+03,1.402960781978210662e+03,3.409820386054838309e+03,-3.755187732884970046e+03,1.404030388852583428e+03,3.404228866462401584e+03,-3.710316174698779832e+03,1.404408336393290710e+03,3.227808541620028791e+03,-3.686768264286872636e+03,1.405639269699973283e+03,3.535220768920195951e+03,-3.691648622857966984e+03,1.402643768535199115e+03,3.581962659851309127e+03,-3.488772245546907470e+03,1.406809981895869214e+03,3.356700250719321957e+03,-3.371970387309293528e+03,1.402440546856551691e+03,3.614457344984250994e+03,-3.613991982635082422e+03,1.406403091403617282e+03,3.283688604027845031e+03,-3.432145881451062451e+03,1.404228395860860473e+03,3.640245165682667903e+03,-3.651509389622875005e+03,1.401701269607963468e+03,3.279764747940769666e+03,-4.148203177261691962e+03,1.401572840406075557e+03,3.336844596509064104e+03,-3.466580562779692627e+03,1.391960482165205349e+03
3.201871230120897053e+03,-3.634537872672426602e+03,1.393562135494221366e+03,3.286341137505130064e+03,-3.840259128467486335e+03,1.397688035820396635e+03,3.505636306628228340e+03,-3.987060425917565226e+03,1.401853231839338832e+03,3.491165032793860519e+03,-3.888315865774781741e+03,1.401760395808294788e+03,3.461810199756815564e+03,-3.803994629015798637e+03,1.403027380692471752e+03,3.295197207749619793e+03,-3.788632030771756490e+03,1.404025828767030134e+03,3.618054503011794623e+03,-3.774767148418906345e+03,1.401460312908868900e+03,3.753654978644920448e+03,-3.516700863037750423e+03,1.404623508229702793e+03,3.376172618663837056e+03,-3.661963769396623320e+03,1.398691070440733256e+03,3.667151286348123904e+03,-3.694667395883244808e+03,1.408382138662144371e+03,3.526525214234104169e+03,-3.414792572852335525e+03,1.403275781925547335e+03,3.682814683092796258e+03,-3.841944035018742397e+03,1.401438383568309291e+03,3.383118599656055267e+03,-4.164668391377077569e+03,1.400567457242400678e+03,3.575754158003338944e+03,-3.722687439264576369e+03,1.388915795590450216e+03
3.417240830335177634e+03,-3.820146021848483542e+03,1.393958621686572542e+03,3.390593562433984516e+03,-3.984463380397210585e+03,1.397470260678473778e+03,3.462784990274112715e+03,-3.946275490849352082e+03,1.400610781429485542e+03,3.571590369601159637e+03,-4.005802212031536328e+03,1.399906579927843040e+03,3.548235995786959847e+03,-3.883738241322505928e+03,1.401037854299920355e+03,3.361720998547620184e+03,-3.890647199491994343e+03,1.402433597983627124e+03,3.698179886837991944e+03,-3.862885167613057547e+03,1.400251368561062691e+03,3.875090432651661104e+03,-3.669215499426109545e+03,1.405410160533858516e+03,3.442710803703616875e+03,-3.889738657427478756e+03,1.394159502585365090e+03,3.718139531991336753e+03,-3.575143479326365650e+03,1.405509122215611796e+03,3.844462825157659609e+03,-3.492794090789649090e+03,1.402928355939737230e+03,3.767214436105522509e+03,-3.959156566855815527e+03,1.402546844881704828e+03,3.534516005660294468e+03,-4.328336955537843096e+03,1.402002062560479999e+03,3.864995270361147050e+03,-3.835815226722626903e+03,1.384739620892936500e+03
3.439046779209905253e+03,-4.096648004065844361e+03,1.397654599102948623e+03,3.442750911971517326e+03,-4.036790539635449932e+03,1.400531797425244349e+03,3.540207532956876094e+03,-4.145458639997431419e+03,1.401677668451134195e+03,3.657563144869796361e+03,-4.090395889916500892e+03,1.398447283742408445e+03,3.644306490872461382e+03,-3.968812728746185257e+03,1.399480224019461730e+03,3.427349116820530071e+03,-3.992736904697329010e+03,1.400862724569444026e+03,3.774428930575730647e+03,-3.955992061731606555e+03,1.399022577160212677e+03,3.895770449647562600e+03,-3.750653047101154698e+03,1.400149534009123499e+03,3.618160598861850303e+03,-4.242088316710311119e+03,1.393087990403545973e+03,3.785624537195966241e+03,-3.640376358200039704e+03,1.403369320135185717e+03,4.016334568430944273e+03,-3.630235613221150743e+03,1.400141925967905308e+03,3.719391742735289881e+03,-4.054012645486350266e+03,1.399975658104030117e+03,3.675829416294629482e+03,-4.508045179746512076e+03,1.404997274174125778e+03,4.029209544777552310e+03,-4.170236048943317655e+03,1.384871568954290979e+03
3.571319283708346575e+03,-4.093332493296761641e+03,1.397727920671724405e+03,3.574475365296070777e+03,-4.044142609232235372e+03,1.402006496285172261e+03,3.659466280125840058e+03,-4.372442092745691298e+03,1.396140025466624593e+03,3.724360265636311851e+03,-4.178098190706239620e+03,1.396760810409602755e+03,3.726754029111595628e+03,-4.079785682357955920e+03,1.398165188875713056e+03,3.492052618214134782e+03,-4.094824006606309467e+03,1.399313291335550730e+03,3.845353214672528338e+03,-4.053932112547874567e+03,1.397780781792493599e+03,3.910380141204004758e+03,-3.818087800028428774e+03,1.401784437188693119e+03,3.731678728572676846e+03,-4.485395418235478246e+03,1.394735081161680228e+03,3.843669882276770295e+03,-3.836483271449917993e+03,1.401105627866617397e+03,4.151577060694142347e+03,-3.743306204040566172e+03,1.397486429918034901e+03,3.748014948746995287e+03,-4.187604293442229391e+03,1.399908975956465156e+03,3.785819448400710371e+03,-4.743417234696456944e+03,1.408162224616595495e+03,4.140798816753287610e+03,-4.491092849127941918e+03,1.384327484189572488e+03
3.675210409206370969e+03,-4.228372212298265367e+03,1.401412564396425296e+03,3.704388046908936303e+03,-4.127332898250779181e+03,1.397945204641466262e+03,3.705110858420115164e+03,-4.409845991557273010e+03,1.397627692781058840e+03,3.786618455051694582e+03,-4.241207871750177219e+03,1.394986530479512567e+03,3.774118432076518729e+03,-4.177266765831301200e+03,1.396357757839011356e+03,3.555806414282997139e+03,-4.196832119023270934e+03,1.397785377149632495e+03,3.909124337292530072e+03,-4.156386827305229417e+03,1.396533710176617888e+03,3.817982990568789319e+03,-3.897920561175673356e+03,1.402884164136996560e+03,3.968400579057790765e+03,-4.543474556811175717e+03,1.396667487633975270e+03,3.982368361903801997e+03,-3.873673827116418124e+03,1.401187268484965443e+03,4.122687398620676504e+03,-3.906470313830856867e+03,1.397195295702420708e+03,3.714180772488887669e+03,-4.232143044796927825e+03,1.400717835167782823e+03,3.906861124047671183e+03,-4.842620136363356323e+03,1.407461046786647785e+03,4.178406845876380430e+03,-4.756656433023808859e+03,1.388021486217202892e+03
3.860923981008523697e+03,-4.115232603520672455e+03,1.400416211390605895e+03,3.837831957092086668e+03,-4.082024599205049526e+03,1.395278078998933324e+03,3.785137528542053587e+03,-4.361209213210151574e+03,1.395734637874742475e+03,3.838770391868441038e+03,-4.300131313984704320e+03,1.393487000070872682e+03,3.797579320576330247e+03,-4.293478209522872021e+03,1.394622600040809630e+03,3.618586418116429741e+03,-4.298683280073175411e+03,1.396279041162453495e+03,3.963479631133172916e+03,-4.262869595108775684e+03,1.395289630274943420e+03,3.963971519891846128e+03,-4.240210688250737803e+03,1.399099412083900461e+03,4.009680922635257957e+03,-4.629865725586600092e+03,1.397571460648468701e+03,3.944774715911993553e+03,-4.154314867843050706e+03,1.398888730323788423e+03,4.158866300312913154e+03,-4.123601236308829357e+03,1.395746582633138132e+03,3.747700299653657567e+03,-4.401337744962377656e+03,1.400203999215994600e+03,3.957482245553332177e+03,-4.828301421287242192e+03,1.405823024940954156e+03,4.144671743393810175e+03,-4.895716381513854685e+03,1.392999621650219296e+03
3.884480124570998214e+03,-4.269630116322856338e+03,1.400298178481248215e+03,3.871689246529273078e+03,-4.300035093723598948e+03,1.392956600829744048e+03,3.883097738766728071e+03,-4.477550871334511612e+03,1.395197557151145929e+03,3.881919436977716032e+03,-4.382626544750972243e+03,1.392018602913274208e+03,3.818723710283618857e+03,-4.406459726606588447e+03,1.392434098149346937e+03,3.680372298559049341e+03,-4.400302816255328253e+03,1.394794304405396360e+03,4.005855768160556636e+03,-4.372724864831773630e+03,1.394056991445504991e+03,3.851839519280865716e+03,-4.207381180718182804e+03,1.401967010361176108e+03,4.093780998406125946e+03,-4.631823757359350566e+03,1.396317355752311869e+03,4.009262417403999279e+03,-4.410617754160871300e+03,1.392330375634569009e+03,4.118214972769292217e+03,-4.311149889707346119e+03,1.395985442365449217e+03,3.823900635829201747e+03,-4.460272868933300742e+03,1.398814206078674033e+03,3.980910264447753434e+03,-4.943765137387621508e+03,1.400429668174544759e+03,4.190000431066192505e+03,-5.050241585945093902e+03,1.397102673067969818e+03
3.922031508692014086e+03,-4.325934029176956756e+03,1.403007915265432075e+03,3.990892144566876141e+03,-4.398474957890519363e+03,1.390452781557136632e+03,3.889709674656657626e+03,-4.508827920729937432e+03,1.392464706319709194e+03,3.938720696917951955e+03,-4.425707456538063525e+03,1.390680859900162886e+03,3.823224609113651240e+03,-4.517938129618268249e+03,1.391051679800840020e+03,3.741146027985392266e+03,-4.501615574514443324e+03,1.393331156362769661e+03,4.033908556143634996e+03,-4.485137393668472214e+03,1.392844069537429277e+03,3.831765141982067689e+03,-4.503346099509048145e+03,1.399719319012774349e+03,4.135403703673327072e+03,-4.707053464190083105e+03,1.394678761423445849e+03,4.029195800867288654e+03,-4.589529224928704025e+03,1.391812709790164718e+03,4.203036882486896502e+03,-4.628082516316657347e+03,1.393408697984634045e+03,3.842655062263415857e+03,-4.569920980072940438e+03,1.396584852162614652e+03,4.047061639606871722e+03,-4.944809210011364485e+03,1.395709494590897066e+03,4.163493397570919115e+03,-5.337146717996793996e+03,1.396691601188539153e+03
4.148698049008656199e+03,-4.409796362501865588e+03,1.403298525042377833e+03,3.989679061490036474e+03,-4.572536713705949296e+03,1.390217503748294803e+03,4.036278922128446538e+03,-4.591626879929636743e+03,1.390067541434704481e+03,3.967292512590706338e+03,-4.502868991323612136e+03,1.389379059105322540e+03,3.867117815159822385e+03,-4.601043414415161351e+03,1.389596451773913486e+03,3.800892483220764916e+03,-4.602547840459009421e+03,1.391889591776728139e+03,4.046585782676213057e+03,-4.599153827090734922e+03,1.391658651420192655e+03,3.812735743678109429e+03,-4.694401886135421591e+03,1.394875056445157497e+03,4.119508777137421930e+03,-4.775007489930232623e+03,1.389131729021465389e+03,4.152284678148269450e+03,-4.787613348714056883e+03,1.385258399042633528e+03,4.184208222077294522e+03,-4.926139492446388431e+03,1.391778760755417807e+03,4.000214136042404789e+03,-4.744145688822131888e+03,1.395034296355038578e+03,4.072023552077017030e+03,-4.958861380587235544e+03,1.389692725120918794e+03,4.149640977840198502e+03,-5.474896086545666549e+03,1.399547676114081696e+03
4.327101719492768098e+03,-4.734587609125763265e+03,1.403152221149759498e+03,4.011238840164759495e+03,-4.646415592008928797e+03,1.389707164088269337e+03,4.058771018803284278e+03,-4.660677131196422124e+03,1.389561543033537419e+03,4.014539729002440254e+03,-4.604892863488058538e+03,1.387703841804198419e+03,3.914593031398433595e+03,-4.705955078682431122e+03,1.388531755251542791e+03,3.859598143546069878e+03,-4.703027954931479144e+03,1.390469547553122766e+03,4.045457253322225370e+03,-4.713709142858378982e+03,1.390507751059954899e+03,3.805144523149427641e+03,-4.694214108259737259e+03,1.393482106564296600e+03,4.305357653062166719e+03,-4.855858638218448505e+03,1.383595295397402651e+03,4.050437703737539778e+03,-4.801891868438045094e+03,1.386508956391749734e+03,4.294695291593652655e+03,-5.118784551910959635e+03,1.391022528587921897e+03,4.084020831195875871e+03,-4.853501510768007392e+03,1.394079838805733289e+03,4.090418110487758895e+03,-4.857588900741927318e+03,1.386645607826288142e+03,4.121244030425709752e+03,-5.349376689460154012e+03,1.396297034628187703e+03
4.451791034032709831e+03,-4.805420443497128872e+03,1.397068675185120355e+03,4.054984337500320180e+03,-4.815857580127023539e+03,1.387333270492256815e+03,4.053323551697608309e+03,-4.713265492547619033e+03,1.386386336806397594e+03,4.065696843543139948e+03,-4.706466631956091078e+03,1.386062369708520691e+03,3.982519008421229955e+03,-4.800983549759364905e+03,1.387177016624654243e+03,3.917252693153403015e+03,-4.802984395789902010e+03,1.389070971113497308e+03,4.035316113078401031e+03,-4.827666796589269325e+03,1.389397378174347068e+03,3.860116352660421853e+03,-4.970675502846947893e+03,1.391848140901764509e+03,4.266935553663924111e+03,-4.788333000033006101e+03,1.378364439036715112e+03,3.878626589799693647e+03,-4.904296634020914098e+03,1.382577694955595689e+03,4.269289783581702068e+03,-5.437534572525893964e+03,1.390557995478468683e+03,4.133009735887434545e+03,-4.968376434116653400e+03,1.391225437252989877e+03,4.127082216478892406e+03,-4.729896316378570191e+03,1.385497959553748387e+03,4.059023612788971150e+03,-5.257602018650266473e+03,1.393925835969957006e+03
4.482427875633558870e+03,-4.800794666969883110e+03,1.395290549853580387e+03,4.151563368258971423e+03,-4.838767803870163334e+03,1.387078180718401200e+03,4.058707216050640454e+03,-4.764541363486833689e+03,1.388753347417643226e+03,4.116489438691971372e+03,-4.834255915438152442e+03,1.384805878145814859e+03,4.026047555646603996e+03,-4.895454306762636406e+03,1.386193848907352276e+03,3.973847418690456834e+03,-4.902350025391451709e+03,1.387693778332320107e+03,4.023015062997152199e+03,-4.939862292719360994e+03,1.388332338434336179e+03,3.820467219367399593e+03,-5.083451245046581789e+03,1.392063814951613040e+03,4.439919572942071682e+03,-4.666032096596436531e+03,1.377834615487315432e+03,3.818255150975016022e+03,-4.798311856097461714e+03,1.378007819404625252e+03,4.262858791510730953e+03,-5.625201706288660716e+03,1.390370760349568627e+03,4.271576801360581157e+03,-4.957286055164142454e+03,1.388943251448365572e+03,4.099479530937041091e+03,-4.637317236165773465e+03,1.384669922119585635e+03,3.944817555644398908e+03,-5.202750108464110781e+03,1.389763336508239490e+03
4.364440600245987298e+03,-5.030967012782034544e+03,1.393177719465023301e+03,4.148580897540853584e+03,-4.950610835827247683e+03,1.387576157582747783e+03,4.264380660952213475e+03,-4.954359069098672080e+03,1.387544758924972939e+03,4.159597593318543659e+03,-4.963094660817889235e+03,1.382949088406626515e+03,4.076090939380848795e+03,-4.999171964503824711e+03,1.384664198756843007e+03,4.029376411102220118e+03,-5.001057569077705011e+03,1.386337869310523047e+03,4.014918255480840344e+03,-5.049145111275564886e+03,1.387316138823001666e+03,3.760499232002052850e+03,-5.252529434919976666e+03,1.384460326461964087e+03,4.256440882597305063e+03,-4.848046605848361651e+03,1.378869311350467569e+03,3.723562245275404166e+03,-4.850559089245545692e+03,1.375306012706582123e+03,4.153331478500393132e+03,-5.836301713048258534e+03,1.390819971187412648e+03,4.217183304903513999e+03,-5.032516373864989873e+03,1.386321962940996627e+03,4.138085798289060222e+03,-4.579176169830961044e+03,1.387781988826811812e+03,3.823477292280485017e+03,-5.106970316757252476e+03,1.387200895574176457e+03
4.421825570709956082e+03,-4.994703863328338230e+03,1.391076795122510021e+03,4.230026898205349426e+03,-5.041770218039166139e+03,1.385468353445540060e+03,4.243407159074236915e+03,-5.068879810786283997e+03,1.385807975909204288e+03,4.191217657900411723e+03,-5.084765626229867848e+03,1.382440001861572227e+03,4.120738916064211480e+03,-5.102119624481184474e+03,1.383240660343696391e+03,4.083835263635800402e+03,-5.099043040564579314e+03,1.385003123117654923e+03,4.014813094332305809e+03,-5.154428718568871773e+03,1.386350924541387712e+03,3.749090379544727512e+03,-5.299774781743430140e+03,1.383880898690928461e+03,4.362035818333755742e+03,-4.835499306771784177e+03,1.378653639053272173e+03,3.763001458429630475e+03,-4.755907100629399793e+03,1.373602540657483132e+03,4.026097453139256231e+03,-5.968478179923927200e+03,1.391402194357620829e+03,4.245297117733723098e+03,-5.003633355829056200e+03,1.382493744644708386e+03,4.108975665300480614e+03,-4.880947751555664581e+03,1.390127035421707205e+03,3.824086487890996978e+03,-5.075825861858671487e+03,1.385314774616683053e+03
4.489504285793547751e+03,-5.090460304602225733e+03,1.379654683174297361e+03,4.281348310256280456e+03,-5.088167066298008649e+03,1.382337457440659136e+03,4.270888809812402542e+03,-5.245362320984235339e+03,1.384821713842187137e+03,4.235620322828639473e+03,-5.194473666925376165e+03,1.381822275350701830e+03,4.151397697942295054e+03,-5.216036398829028258e+03,1.381440761170932774e+03,4.137222674296025616e+03,-5.196244919848750214e+03,1.383689408307573785e+03,4.023587740566029424e+03,-5.254727424390111992e+03,1.385437415914355142e+03,3.887177349078563566e+03,-5.551401663745033147e+03,1.382083675530581559e+03,4.305632840989823308e+03,-4.863027118096564664e+03,1.381378133659342666e+03,3.867564548362679488e+03,-4.915541772997570661e+03,1.374074661055585466e+03,4.052736246040298283e+03,-5.949383730525245483e+03,1.389234066624337402e+03,4.206471211098170897e+03,-5.175768226197660624e+03,1.382805468878174679e+03,4.138830951488427672e+03,-4.998479209597377121e+03,1.391170139121395323e+03,3.732829682023862006e+03,-4.932155538256700311e+03,1.385750599855319024e+03
4.283365319509208348e+03,-4.919242668792924633e+03,1.375191183655291752e+03,4.362131640605499342e+03,-5.157061246612554896e+03,1.381141687583463181e+03,4.298233195175551373e+03,-5.329972329814023396e+03,1.385130425963703601e+03,4.270167516905165030e+03,-5.251552329861202452e+03,1.380864919232102466e+03,4.188289522809342998e+03,-5.329026761450975755e+03,1.379635832009444357e+03,4.189537341087723689e+03,-5.292604427238846256e+03,1.382396577660599860e+03,4.040242261889658948e+03,-5.349195020408476921e+03,1.384574992516111479e+03,3.854827186658508708e+03,-5.565322826483199606e+03,1.382959644549873929e+03,4.302346957363748515e+03,-5.015395663679405516e+03,1.379437079075559041e+03,4.022285749589361330e+03,-4.904143648631821634e+03,1.375828816011347271e+03,4.052915141681538898e+03,-5.852716782669909662e+03,1.385861127575759838e+03,4.231242448603644334e+03,-5.217571114473925263e+03,1.381214398067010052e+03,4.143355197782470896e+03,-5.328566105508158216e+03,1.394546673532627437e+03,3.719327842162540037e+03,-4.997009412594692549e+03,1.387645312135709901e+03
4.291748081689534956e+03,-5.063254811043061636e+03,1.369451105080837578e+03,4.256720260652557954e+03,-5.227949596256510631e+03,1.384418141682794840e+03,4.263302731765841600e+03,-5.386236239478149400e+03,1.382068756945671566e+03,4.308302662239333586e+03,-5.324570623196183078e+03,1.380271359151173328e+03,4.227713809810376915e+03,-5.463816133263967458e+03,1.378300746075559800e+03,4.240781467387339944e+03,-5.388064838277456147e+03,1.381124473441362170e+03,4.063109904175660176e+03,-5.437147798791917012e+03,1.383761687912366142e+03,3.884296560877256979e+03,-5.611440991522646073e+03,1.382045016069319900e+03,4.334082965625973884e+03,-4.995205727871181807e+03,1.375280665303207570e+03,4.035923991638197094e+03,-5.221107865945094090e+03,1.379537005931650128e+03,4.167580969215445293e+03,-5.744996144479062423e+03,1.382418402227255228e+03,4.290472701589944336e+03,-5.476932250128944361e+03,1.381780618453620036e+03,4.222925252231915692e+03,-5.586338482640469010e+03,1.397029452253271529e+03,3.845970133108144182e+03,-5.025072296392878343e+03,1.385607761308328236e+03
4.275412809033447957e+03,-5.171961019879396190e+03,1.365047577248384414e+03,4.396589533030061830e+03,-5.349243356161976408e+03,1.379406993992535490e+03,4.384123053918131518e+03,-5.481684428334046061e+03,1.377835903810700074e+03,4.349979481044157183e+03,-5.408561911962948216e+03,1.379407718787365638e+03,4.268160744685801546e+03,-5.599779101376306244e+03,1.377072281029557189e+03,4.290958758873441184e+03,-5.482572716881517408e+03,1.379872922140952824e+03,4.090652109744234622e+03,-5.518083734390806057e+03,1.382994194918175936e+03,3.976928600466741045e+03,-5.648590185190661032e+03,1.379768628229964179e+03,4.276899096953780827e+03,-5.185945447071612762e+03,1.374499120782273394e+03,4.177657773012931102e+03,-5.280228330948598341e+03,1.377214561925206453e+03,4.231328303776368557e+03,-5.629145389431532749e+03,1.381329731864772839e+03,4.241882154351143981e+03,-5.604908054769475712e+03,1.383008989266951403e+03,4.193475090357930640e+03,-5.821244562353133006e+03,1.399388504281410633e+03,3.888816001315050926e+03,-5.061313259702835239e+03,1.387856298626944863e+03
4.311436269414002709e+03,-5.309733607784658489e+03,1.365304450529466976e+03,4.450429781830100183e+03,-5.399910605361455964e+03,1.379943619639360122e+03,4.348887802865196136e+03,-5.652901518395939092e+03,1.380768854332326555e+03,4.383022738965625649e+03,-5.500764362600632921e+03,1.378806306696087177e+03,4.311492822165244434e+03,-5.746125565584907235e+03,1.375837168562415627e+03,4.340073321838495758e+03,-5.576078326389097128e+03,1.378641734476926786e+03,4.121782413700808320e+03,-5.591693720016948646e+03,1.382267928692093392e+03,3.967520040333715315e+03,-5.534213663099713813e+03,1.379734921600919279e+03,4.322537803277410603e+03,-5.378603001489844246e+03,1.375814824469099904e+03,4.245504055588180563e+03,-5.356112880017642965e+03,1.380120268850146886e+03,4.228570043273343799e+03,-5.598562163336239792e+03,1.379590901551637216e+03,4.168973949550437283e+03,-5.786664110973521019e+03,1.381114719712284113e+03,4.155933819877986025e+03,-5.824970875614446413e+03,1.400220116087564520e+03,4.069478125078202538e+03,-5.226561348110335530e+03,1.384234530175690452e+03
4.265941735506772602e+03,-5.541861891070415368e+03,1.365056943248056086e+03,4.456300939058945005e+03,-5.544651164797778620e+03,1.380007292497394246e+03,4.414759097577009925e+03,-5.589820984285118357e+03,1.380197291603414669e+03,4.418938564279149432e+03,-5.614665571409521363e+03,1.378007816206646567e+03,4.339625579459430810e+03,-5.860249410289898151e+03,1.374967504115231577e+03,4.388132167025737544e+03,-5.668533711341033268e+03,1.377430721166838794e+03,4.155907306553745912e+03,-5.657861840474771270e+03,1.381577005704784142e+03,4.062852590243724990e+03,-5.426647822127721156e+03,1.377488844498270737e+03,4.188087344065791513e+03,-5.408499384673972600e+03,1.376213858370884509e+03,4.281579031859644601e+03,-5.467934201059183579e+03,1.381210399908261024e+03,4.190797761860577339e+03,-5.644611278437621877e+03,1.381141955332071575e+03,4.078029204181710156e+03,-5.984236390406953433e+03,1.380139361565773243e+03,4.113814984711256329e+03,-5.754732837252056925e+03,1.399877406081555364e+03,4.216042371070763693e+03,-5.176558726679950269e+03,1.379979164922767950e+03
4.300705967515601515e+03,-5.775897116590736914e+03,1.366887442428053873e+03,4.475141731590158997e+03,-5.716122224027174525e+03,1.375505673788103422e+03,4.427613835156192181e+03,-5.711673966777725582e+03,1.379179144882488345e+03,4.450361152584513547e+03,-5.713900902018702254e+03,1.377524938538476590e+03,4.361180315365199021e+03,-5.980855538361274739e+03,1.373933419893373639e+03,4.435143006252726082e+03,-5.759894341668105881e+03,1.376239671896861182e+03,4.192846712355368254e+03,-5.716665920623712736e+03,1.380914154355649316e+03,4.065404715509073867e+03,-5.539575977346563377e+03,1.379287538291808914e+03,4.086194942788055414e+03,-5.452005397550352427e+03,1.377732487291516463e+03,4.310165532765369790e+03,-5.535770025399405313e+03,1.377901007787979552e+03,4.134712210912290175e+03,-5.893908942448926609e+03,1.380960675224798706e+03,4.031037091553942446e+03,-6.093304253408334262e+03,1.378850132273984855e+03,4.111658647469737843e+03,-5.709164759304706422e+03,1.398107953856028189e+03,4.388068278243577879e+03,-5.098421228127382165e+03,1.378269663437264853e+03
4.411386355399554304e+03,-5.863748874366467135e+03,1.367855400422665298e+03,4.410092820572467645e+03,-5.728050563844327371e+03,1.375713016006065118e+03,4.336370764296956622e+03,-5.798025002638776641e+03,1.376095712889652077e+03,4.470966003180592452e+03,-5.817291199795290595e+03,1.376255504802476253e+03,4.383111810923018311e+03,-6.057810478477657853e+03,1.373198934623683726e+03,4.481114653025244479e+03,-5.850119386722228228e+03,1.375068381611011546e+03,4.232722417731025416e+03,-5.768375881191053850e+03,1.380270630847295479e+03,4.180435261454850661e+03,-5.565404949249848869e+03,1.379710646310010816e+03,4.234211271409673827e+03,-5.582033741018401088e+03,1.378769808309440577e+03,4.319590991144512373e+03,-5.618357757663565280e+03,1.377851039615982245e+03,4.205669594031420274e+03,-6.062578537331784901e+03,1.381427290769825277e+03,3.911519397905601181e+03,-6.220388842414939063e+03,1.376209193133109011e+03,4.288635609767705319e+03,-5.741778563729652888e+03,1.392933832099392021e+03,4.465635567913148407e+03,-4.994693012406140951e+03,1.373535454013956951e+03
4.589850236061601208e+03,-5.917478677780228281e+03,1.370085055316829994e+03,4.445590742918382603e+03,-5.955684966219143462e+03,1.376249864171853460e+03,4.489999440661848894e+03,-5.932250098645354228e+03,1.374793210035245693e+03,4.482313660184768196e+03,-5.917307498164736899e+03,1.374856036472997403e+03,4.418004522952121079e+03,-6.115985686764053753e+03,1.372515168850566397e+03,4.526057723611619622e+03,-5.939170208104874291e+03,1.373916608448388160e+03,4.275852510116665144e+03,-5.813459767458215538e+03,1.379636092997237256e+03,4.217674587130850341e+03,-5.676614364223438315e+03,1.380373421425831566e+03,4.385870725268567185e+03,-5.743887482675741012e+03,1.379518871289497838e+03,4.322795490001503822e+03,-5.677583589796471642e+03,1.382978226875582550e+03,4.236428920089546409e+03,-6.223363613197088853e+03,1.382858862399972168e+03,3.799885838914751275e+03,-6.275044313186282125e+03,1.377747191146507248e+03,4.489921502379806043e+03,-5.749387111678219298e+03,1.387949155332776627e+03,4.580525233567185751e+03,-5.008779257691639941e+03,1.370227198335411458e+03
4.492657939791293757e+03,-5.925179614395246972e+03,1.373412972398204147e+03,4.353756785671625948e+03,-6.101212447720299679e+03,1.374268308906102902e+03,4.509083251793263116e+03,-5.896361338217000593e+03,1.374452689783905043e+03,4.480325408362132293e+03,-6.035716041099765789e+03,1.373402274137227778e+03,4.469660096444217743e+03,-6.167069516878862487e+03,1.372240778582024177e+03,4.569983635507978761e+03,-6.027013099979034450e+03,1.372784147353008620e+03,4.322652826739635202e+03,-5.852604849662783636e+03,1.378998405697606813e+03,4.274650378200901287e+03,-5.894259416170722034e+03,1.377970885226542578e+03,4.485305475415920228e+03,-5.825560404960971027e+03,1.375377392891294221e+03,4.351621770708929944e+03,-5.749218777720067010e+03,1.380538232153758372e+03,4.386927117897327662e+03,-6.289957830222205303e+03,1.382954996134937119e+03,3.842408271842240083e+03,-6.360890651154444640e+03,1.379732163018671599e+03,4.685449768743796085e+03,-5.876913220673319302e+03,1.386249179802609433e+03,4.568887213969556797e+03,-5.148543134918576470e+03,1.369789303927649144e+03
4.502476445020861320e+03,-5.964887394238397064e+03,1.372543042721200436e+03,4.527903226724044544e+03,-6.133461175656168052e+03,1.374084504561342783e+03,4.522084882264027328e+03,-6.185267270615060625e+03,1.374321788035066447e+03,4.495605750068822090e+03,-6.162319674433790169e+03,1.372032524801451927e+03,4.527120598152550883e+03,-6.215927355833073307e+03,1.372540194651990305e+03,4.612904206824347057e+03,-6.113614082476502517e+03,1.371670756463970974e+03,4.373551423551209155e+03,-5.886788871109267347e+03,1.378343577821005056e+03,4.386424069745555244e+03,-6.051317117281048922e+03,1.380728012487197248e+03,4.680844098138534719e+03,-6.053842738806975831e+03,1.376428768436728205e+03,4.310706603235787952e+03,-5.791937557388598179e+03,1.381290437184838311e+03,4.447384585921685357e+03,-6.413707835588106718e+03,1.381754790354558736e+03,3.886732075085602446e+03,-6.338902913547738535e+03,1.381175114663875775e+03,4.931389354374893628e+03,-6.005205573388841003e+03,1.384516549520671106e+03,4.664795995627860066e+03,-5.455080806708563614e+03,1.372456450552460637e+03
4.507864686632160556e+03,-5.937819414506539033e+03,1.375912711721301775e+03,4.539596749082379574e+03,-6.174835950828775822e+03,1.373259442463949881e+03,4.654788355441816748e+03,-6.179337039903024561e+03,1.373921709915062138e+03,4.514579323724524329e+03,-6.289902316557822815e+03,1.371595169722675109e+03,4.577984439612989263e+03,-6.240574592684879462e+03,1.372502911183324386e+03,4.654833258740247402e+03,-6.198946848602538012e+03,1.370576183404681615e+03,4.428903444773009141e+03,-5.917433505638418865e+03,1.377656051402015692e+03,4.480505151238440703e+03,-6.067342077762739791e+03,1.378522250322137779e+03,4.678161080406128349e+03,-5.916354840072328443e+03,1.376610619501623205e+03,4.273962646671570837e+03,-6.063847521802172196e+03,1.380811003770052139e+03,4.454147555380930498e+03,-6.336167619021836799e+03,1.381737547419913199e+03,4.047075541785529367e+03,-6.249302805967638051e+03,1.379597636601600925e+03,5.095143733794648142e+03,-6.044703420827610898e+03,1.383872721447729873e+03,4.669716823463815672e+03,-5.660710409949112545e+03,1.377745369125389971e+03
4.450625213905673263e+03,-5.972995830509368716e+03,1.374752207628883298e+03,4.587806579772342957e+03,-6.240907524910278880e+03,1.373185758442151837e+03,4.646886994835411315e+03,-6.278369807771544401e+03,1.371787251008912108e+03,4.557163198537994504e+03,-6.420213299272020777e+03,1.370827423431746638e+03,4.617235143144138419e+03,-6.294728956803074652e+03,1.372172976886710558e+03,4.695784412128250551e+03,-6.282984817331206614e+03,1.369500186314238817e+03,4.488916809018710410e+03,-5.946749910964385890e+03,1.376920263217376487e+03,4.537392217892856024e+03,-5.983722953149043860e+03,1.378429511899603767e+03,4.557130391125639107e+03,-6.032375087464710305e+03,1.380086289194422307e+03,4.360005869697526578e+03,-6.093027072568793301e+03,1.379512948270203651e+03,4.447073852729012287e+03,-6.196329714659641468e+03,1.381901058392211553e+03,4.200216514509106673e+03,-6.241773142465369347e+03,1.379364832226145836e+03,5.153418880286104468e+03,-6.210361396626914939e+03,1.386631177914391401e+03,4.670436790077643309e+03,-5.861077890607321933e+03,1.382588553652786004e+03
4.628529761046449494e+03,-6.144302609979631598e+03,1.371057506247003630e+03,4.663280108508586636e+03,-6.315350252682857899e+03,1.370095898019479591e+03,4.645789335266855232e+03,-6.341906872886592282e+03,1.369089139253188705e+03,4.597471387324902935e+03,-6.539766728618927118e+03,1.370242296051274934e+03,4.634360945545201503e+03,-6.357511915946077352e+03,1.371241802109086166e+03,4.735772489702627354e+03,-6.365704696010914631e+03,1.368442523331740176e+03,4.553581100326931846e+03,-5.978438056284896447e+03,1.376125986757207556e+03,4.584609048150324270e+03,-5.773441059424594641e+03,1.377114289454819072e+03,4.362387942910669153e+03,-5.976991420272133837e+03,1.379830160843571321e+03,4.461976838705128102e+03,-6.113586815325874340e+03,1.378876198458921408e+03,4.346193906546662220e+03,-6.013080144025392656e+03,1.382006757724019280e+03,4.245155569764029678e+03,-6.219706741400963438e+03,1.378095352130943411e+03,5.183125723647806808e+03,-6.252050039556160300e+03,1.387061449566274860e+03,4.650885881788231018e+03,-5.968565323994596838e+03,1.385812394031675467e+03
4.706981537477982783e+03,-6.368996762357058287e+03,1.369949259652470801e+03,4.670144492296397402e+03,-6.290026260631807418e+03,1.368808756792183658e+03,4.651676944598634691e+03,-6.376875574974143092e+03,1.370640522598315783e+03,4.626449306094633357e+03,-6.625385506149045796e+03,1.369264186968885042e+03,4.650803592235369251e+03,-6.417788048443969274e+03,1.369730780789317805e+03,4.774813115405444478e+03,-6.447087576489191633e+03,1.367402936822746824e+03,4.622616489889099284e+03,-6.019040162354396671e+03,1.375284852376189747e+03,4.687399431873990579e+03,-5.731853714494987798e+03,1.377052893432096880e+03,4.329828909199136433e+03,-5.952023971421220267e+03,1.380064049415531827e+03,4.498974167267687335e+03,-6.220334007494980142e+03,1.380164736831482742e+03,4.305684584942590845e+03,-5.904730016786084889e+03,1.381258006633013110e+03,4.309735484721465582e+03,-6.214778253017799216e+03,1.375454179601474834e+03,5.134108245425744826e+03,-6.365487322142531411e+03,1.387272852496219002e+03,4.545405751732454519e+03,-6.091191956997650777e+03,1.386763567651783205e+03
4.749398140071367379e+03,-6.318267937480537512e+03,1.369544934580616200e+03,4.727792845070440308e+03,-6.356103359412267309e+03,1.368972573062871561e+03,4.822817623432679284e+03,-6.581433443651241760e+03,1.366955810703411089e+03,4.673871673359082706e+03,-6.686415744753952822e+03,1.368030426687712406e+03,4.653670533444957073e+03,-6.505625412065312048e+03,1.368016118895116506e+03,4.812921512564871591e+03,-6.527115920769545482e+03,1.366381153379282523e+03,4.695448897987687815e+03,-6.080216804591466826e+03,1.374475953847138044e+03,4.769209118131659125e+03,-5.788368646787826947e+03,1.378862470569306652e+03,4.329427219027432329e+03,-6.039061910059826914e+03,1.379636612947492949e+03,4.723514638278567872e+03,-6.196239968145073362e+03,1.377067104114755693e+03,4.461236759485760558e+03,-5.833995109139942542e+03,1.378556890808770731e+03,4.470541770344833822e+03,-6.169347398026317933e+03,1.372527534328760566e+03,5.107134602684645870e+03,-6.310078996343281688e+03,1.386102190154275377e+03,4.485629442616696906e+03,-6.085996297317056815e+03,1.385672746414649737e+03
4.916787023236362074e+03,-6.426092167421931663e+03,1.368988579153163982e+03,4.780006951659943297e+03,-6.386717411474965047e+03,1.369059273104681779e+03,4.762438803661543716e+03,-6.717203530675258662e+03,1.363298544305706855e+03,4.724121072044756147e+03,-6.744927239846017983e+03,1.366640539311634257e+03,4.667121959166117449e+03,-6.607114334790441717e+03,1.366190965872004881e+03,4.850114907578574275e+03,-6.605776575354606393e+03,1.365376941656136296e+03,4.771212998600470200e+03,-6.181427760261562071e+03,1.373930962367140182e+03,4.917407139728952643e+03,-5.856962998130566120e+03,1.373844479688255888e+03,4.403441426475770641e+03,-6.304964679376371350e+03,1.377106879538385783e+03,4.800019120518567433e+03,-6.422722620261974953e+03,1.374210038142469557e+03,4.685824531963644404e+03,-5.768609078370460338e+03,1.376352269916528712e+03,4.648730755529671114e+03,-6.283647410828903958e+03,1.367000409467188547e+03,5.055343720753657180e+03,-6.347411491391850177e+03,1.382711783155867352e+03,4.408486045788400588e+03,-6.204043712963089092e+03,1.383622636929273540e+03
5.078306400527162623e+03,-6.492109874036754263e+03,1.364485225819346624e+03,4.779735438010815415e+03,-6.357793775486125014e+03,1.366804531490421141e+03,4.861781277268000849e+03,-6.766954560808282622e+03,1.368045319928765821e+03,4.756615180686976601e+03,-6.762531830835143410e+03,1.365650552213031460e+03,4.665003150163629471e+03,-6.710109118057419437e+03,1.365455375008749570e+03,4.886409925923366245e+03,-6.683057482871783577e+03,1.364390012471795217e+03,4.848797288464173107e+03,-6.349248574676157659e+03,1.373758105432016009e+03,4.981287938355086226e+03,-6.208868555297225612e+03,1.378365220853324217e+03,4.661507453649165654e+03,-6.520187354307825444e+03,1.371752255105634276e+03,4.868759949674510608e+03,-6.608385739523795564e+03,1.371075542684721540e+03,4.957406531253611320e+03,-5.955683417104935870e+03,1.374044482226594255e+03,4.823968476743450083e+03,-6.330766764217900345e+03,1.364487057842875402e+03,5.031593848865861219e+03,-6.492496763357734380e+03,1.378442981028522809e+03,4.430385500734508241e+03,-6.308206584329016550e+03,1.377759869129573644e+03
5.013906035093340506e+03,-6.582542226154888340e+03,1.364479213530524703e+03,4.860260532030401009e+03,-6.426998654227739280e+03,1.366493433032821258e+03,4.837830649528233153e+03,-6.905254181743225672e+03,1.363483307070500359e+03,4.807192964956700052e+03,-6.776835415894787729e+03,1.365207465024659768e+03,4.678004969899013304e+03,-6.796255384128126934e+03,1.365600445449073732e+03,4.921823593689963673e+03,-6.758950696416416577e+03,1.363420129223202821e+03,4.926922006477869218e+03,-6.603685717335152731e+03,1.369446556288132797e+03,5.072151119784528419e+03,-6.558080647032989873e+03,1.371164960322158549e+03,4.872927258189447457e+03,-6.803912989389593349e+03,1.369842668834492542e+03,4.885499607495772580e+03,-6.999249950282364807e+03,1.361047905040334854e+03,5.198469125735648049e+03,-6.268078683468397685e+03,1.366902197110585121e+03,5.075441320490072940e+03,-6.541342442391009172e+03,1.359205608216841483e+03,5.140407654733973686e+03,-6.550247627262113383e+03,1.371277881742345699e+03,4.564249015378989498e+03,-6.795412004788140621e+03,1.370130547866386678e+03
5.025068234079795729e+03,-6.938190078140996775e+03,1.364468840521054972e+03,4.780900188210491251e+03,-6.531329355208088600e+03,1.367706863297256632e+03,4.778185108515553111e+03,-6.696791770409166929e+03,1.363515532410109927e+03,4.827610113337985240e+03,-6.799769670320200930e+03,1.364535447924478149e+03,4.713442823172465069e+03,-6.885662540995404925e+03,1.365617824305580825e+03,4.956372936969082730e+03,-6.833449091177430091e+03,1.362467002728845728e+03,5.004238285643021300e+03,-6.928104124533319009e+03,1.354242985445148406e+03,5.294476191099738571e+03,-6.962284310359729716e+03,1.361092415173553263e+03,5.116891515984891157e+03,-7.367489332942287547e+03,1.354607398066783617e+03,4.842410010055860766e+03,-7.163281026203670081e+03,1.344858412114390148e+03,5.218442801951664478e+03,-6.796156144817072345e+03,1.349757643696297237e+03,5.256945693909711736e+03,-6.990810965882667006e+03,1.357224697518122866e+03,5.230860990863617189e+03,-6.710290026636669609e+03,1.366613020093723890e+03,4.667250343584189068e+03,-7.450827428097622942e+03,1.359648090143177797e+03
4.901643322715790418e+03,-6.824261319375607854e+03,1.368987862291938200e+03,4.860032064800283479e+03,-6.670901611445841809e+03,1.368766720643879353e+03,4.901418464853707519e+03,-6.986216092415018466e+03,1.364931036911186993e+03,4.841698375012436372e+03,-6.840932492063844620e+03,1.363836076288741879e+03,4.747991857445580536e+03,-6.956629731141656521e+03,1.365387454277926508e+03,4.990076584307034864e+03,-6.906549652811678243e+03,1.361530375354284615e+03,5.079436519123212747e+03,-7.258346790754480025e+03,1.351087394709063119e+03,5.271491285082667673e+03,-7.238034473429052014e+03,1.354997588771485198e+03,5.303692527636567320e+03,-7.546222657441017873e+03,1.350642489848723926e+03,5.058710220242217474e+03,-7.545084380730952944e+03,1.343660829971021712e+03,5.260660395012306253e+03,-7.198412492984549317e+03,1.345858899941924619e+03,5.297365447581660192e+03,-7.104789160229358458e+03,1.354958268378467437e+03,5.524507494879689148e+03,-7.023589870621577575e+03,1.360638859730410559e+03,4.950786159528617645e+03,-7.807948609901204691e+03,1.353285816708639004e+03
4.744192373776882960e+03,-7.075479283068996665e+03,1.367558844673841350e+03,4.814739162654614120e+03,-6.709637128383583331e+03,1.368456487537506064e+03,4.920539735978947647e+03,-7.020956405835409896e+03,1.361834064594904248e+03,4.831314560249644273e+03,-6.896729859618111732e+03,1.363582553286821849e+03,4.784254328270842962e+03,-7.029784115137361368e+03,1.365641332641035433e+03,5.022951361487584109e+03,-6.978250463100792331e+03,1.360609994722926331e+03,5.151344110035545782e+03,-7.529416804869143562e+03,1.349707951569927673e+03,5.498492118010302875e+03,-7.231141301840738379e+03,1.352470741265462493e+03,5.247016512752737981e+03,-7.763022648836492408e+03,1.349732948352111407e+03,4.926316470101349296e+03,-7.674563376089908161e+03,1.342945192154031247e+03,5.227781365544569780e+03,-7.571480418826274217e+03,1.342464212943848224e+03,5.268919690331420497e+03,-7.210248063902570721e+03,1.354114340919817778e+03,5.648234741015377949e+03,-7.405202259907740881e+03,1.357670504609408908e+03,5.172563475314005700e+03,-7.875648934056343933e+03,1.351256989610399387e+03
4.647109605804748753e+03,-7.118577980629664125e+03,1.365566940408279834e+03,4.828429790666694316e+03,-6.866557517089802786e+03,1.371736673025369782e+03,4.845292503352464337e+03,-7.048973187979394424e+03,1.360467170795163611e+03,4.825686549651365567e+03,-6.965760126328384104e+03,1.362752171556196117e+03,4.811561701362301392e+03,-7.072066862734718597e+03,1.365028655623365694e+03,5.055015696750093412e+03,-7.048552070107162763e+03,1.359705576911103435e+03,5.218998583487242286e+03,-7.722790206143496107e+03,1.344892816480907641e+03,5.432442124818945558e+03,-7.468406843004349867e+03,1.348000723813867808e+03,5.198212836415644233e+03,-7.761202033665460476e+03,1.344477945205672540e+03,4.876919371153911015e+03,-7.826644003677566616e+03,1.338613900014455339e+03,5.201178030471070088e+03,-7.988977214021956570e+03,1.336166853851090764e+03,5.252344340521758568e+03,-7.248987494849154245e+03,1.353275399576758218e+03,5.750609406946071431e+03,-7.799474147062443990e+03,1.358275337362475739e+03,5.443899691727629033e+03,-7.970683379945859997e+03,1.351519544127479094e+03
4.523499084841269905e+03,-7.215153274698564928e+03,1.362791217958778134e+03,4.767304296862403135e+03,-7.133076278425306555e+03,1.365914747929827172e+03,4.804696152647012241e+03,-7.003369662870005413e+03,1.361283625907507485e+03,4.830124905141299678e+03,-7.051370580705885004e+03,1.362275013497977625e+03,4.843535459482336591e+03,-7.149865766732641532e+03,1.364745914208094064e+03,5.086287617720026901e+03,-7.117457762205133804e+03,1.358816864284376152e+03,5.281690852876754434e+03,-7.856648690348532000e+03,1.339315935223043880e+03,5.412826746419090341e+03,-7.700787102776490428e+03,1.344254468313152984e+03,5.178530176122168996e+03,-7.964904431836586809e+03,1.342143117687545782e+03,4.914729562869923029e+03,-8.159063739930144038e+03,1.333197660075582689e+03,5.144187726859339818e+03,-8.456759705735845273e+03,1.329248186329402188e+03,5.254516437894066257e+03,-7.536799694363576236e+03,1.351653075203930030e+03,5.719605170142749557e+03,-8.062792147393796768e+03,1.359191417182833902e+03,5.567685523389700393e+03,-8.121778811101041356e+03,1.351031269270012672e+03
